Item1,Item2
38888745.11,0
38888795.92,2
38888847.24,4
38888898.76,6
38888950.21,8
38889000.9,10
38889052.03,12
38889103.67,14
38889154.46,16
38889206.36,18
38889257.38,20
38889308.04,22
38889359.33,24
38889411.02,26
38889461.76,28
38889512.83,30
38889564.67,32
38889615.4,34
38889666.61,36
38889718.73,38
38889768.64,40
38889820.48,42
38889871.14,44
38889922.46,46
38889973.63,48
38890024.91,50
38890076.67,52
38890127.32,54
38890179.11,56
38890229.64,58
38890280.84,60
38890332.17,62
38890383.21,64
38890435.19,66
38890485.61,68
38890537.43,70
38890587.79,72
38890639.63,74
38890690.2,76
38890741.44,78
38890792.6,80
38890843.81,82
38890895.88,84
38890946.38,86
38890998.5,88
38891048.96,90
38891099.96,92
38891151.24,94
38891202.32,96
38891253.54,98
38891304.74,100
38891355.94,102
38891407.6,104
38891458.73,106
38891509.57,108
38891560.81,110
38891611.76,112
38891663.07,114
38891714.53,116
38891766.3,118
38891817.54,120
38891867.96,122
38891919.91,124
38891970.37,126
38892022.17,128
38892072.67,130
38892124.03,132
38892175.19,134
38892226.44,136
38892278.14,138
38892328.86,140
38892380.61,142
38892431.45,144
38892482.43,146
38892533.47,148
38892584.49,150
38892635.7,152
38892686.94,154
38892738.14,156
38892789.9,158
38892841.18,160
38892892.03,162
38892943.13,164
38892994.42,166
38893045.62,168
38893097.24,170
38893148.74,172
38893199.97,174
38893250.55,176
38893301.86,178
38893352.7,180
38893403.87,182
38893455.1,184
38893506.74,186
38893557.76,188
38893608.6,190
38893659.8,192
38893710.92,194
38893762.21,196
38893813.57,198
38893865.47,200
38893916.19,202
38893967.16,204
38894018.33,206
38894069.53,208
38894120.79,210
38894171.83,212
38894223.63,214
38894274.6,216
38894325.36,218
38894376.58,220
38894427.87,222
38894479.13,224
38894530.47,226
38894582.35,228
38894632.61,230
38894684.52,232
38894735.08,234
38894786.88,236
38894837.5,238
38894888.69,240
38894940.06,242
38894991.09,244
38895043.05,246
38895093.47,248
38895145.36,250
38895195.98,252
38895247.36,254
38895298.32,256
38895349.45,258
38895400.7,260
38895451.87,262
38895503.04,264
38895554.66,266
38895605.59,268
38895656.6,270
38895707.74,272
38895758.82,274
38895810,276
38895861.35,278
38895913.06,280
38895964.66,282
38896015.13,284
38896066.94,286
38896117.41,288
38896169.2,290
38896219.85,292
38896271.1,294
38896322.27,296
38896373.45,298
38896425.29,300
38896475.88,302
38896527.63,304
38896578.12,306
38896629.22,308
38896680.67,310
38896731.65,312
38896783.04,314
38896834.23,316
38896885.44,318
38896937.11,320
38896988.21,322
38897039.09,324
38897090.3,326
38897141.5,328
38897192.52,330
38897243.75,332
38897295.39,334
38897347.15,336
38897397.52,338
38897449.06,340
38897499.71,342
38897551.46,344
38897602.06,346
38897653.16,348
38897704.4,350
38897755.58,352
38897807.28,354
38897858.37,356
38897909.47,358
38897960.65,360
38898011.85,362
38898063.23,364
38898114.43,366
38898165.85,368
38898217.04,370
38898267.87,372
38898319.08,374
38898370.32,376
38898421.5,378
38898472.68,380
38898524.21,382
38898575.16,384
38898625.98,386
38898677.22,388
38898728.63,390
38898779.93,392
38898831.08,394
38898882.23,396
38898933.34,398
38898984.58,400
38899035.75,402
38899086.98,404
38899138.14,406
38899189.72,408
38899240.96,410
38899291.85,412
38899342.94,414
38899394.15,416
38899445.4,418
38899496.64,420
38899547.99,422
38899599.01,424
38899649.87,426
38899701.03,428
38899752.52,430
38899803.69,432
38899854.84,434
38899906.6,436
38899957.76,438
38900008.46,440
38900059.44,442
38900110.86,444
38900162.09,446
38900213.49,448
38900265.09,450
38900315.67,452
38900367.5,454
38900418.15,456
38900469.82,458
38900520.49,460
38900571.78,462
38900622.69,464
38900673.91,466
38900725.75,468
38900776.27,470
38900828.11,472
38900878.91,474
38900930.28,476
38900981.29,478
38901032.52,480
38901083.67,482
38901134.87,484
38901186.07,486
38901237.7,488
38901288.82,490
38901339.66,492
38901390.95,494
38901442.12,496
38901493.36,498
38901544.45,500
38901596.12,502
38901647.48,504
38901697.84,506
38901749.82,508
38901800.51,510
38901852.21,512
38901902.9,514
38901954.18,516
38902005.29,518
38902056.54,520
38902108.31,522
38902158.85,524
38902210.56,526
38902261.39,528
38902312.72,530
38902363.78,532
38902414.86,534
38902466.1,536
38902517.25,538
38902568.44,540
38902619.89,542
38902671.05,544
38902721.92,546
38902773.17,548
38902824.27,550
38902875.7,552
38902926.84,554
38902978.57,556
38903029.96,558
38903080.87,560
38903132.24,562
38903182.84,564
38903234.62,566
38903285.2,568
38903336.46,570
38903387.66,572
38903438.9,574
38903490.68,576
38903541.24,578
38903592.9,580
38903643.53,582
38903694.76,584
38903745.93,586
38903797.12,588
38903848.42,590
38903899.64,592
38903950.81,594
38904002.39,596
38904053.63,598
38904104.51,600
38904155.69,602
38904206.78,604
38904258.11,606
38904309.31,608
38904360.96,610
38904412.61,612
38904462.92,614
38904514.46,616
38904565.17,618
38904616.83,620
38904667.39,622
38904719.17,624
38904769.78,626
38904821,628
38904872.4,630
38904923.71,632
38904975.4,634
38905025.96,636
38905077.84,638
38905128.55,640
38905179.88,642
38905230.9,644
38905282.1,646
38905333.93,648
38905384.51,650
38905436.16,652
38905486.87,654
38905538.02,656
38905589.26,658
38905640.24,660
38905692.01,662
38905742.85,664
38905794.6,666
38905845.54,668
38905896.42,670
38905947.48,672
38905998.73,674
38906049.89,676
38906101.39,678
38906152.78,680
38906204.06,682
38906254.91,684
38906306.04,686
38906357.18,688
38906408.46,690
38906459.52,692
38906511.5,694
38906562.78,696
38906612.94,698
38906664.81,700
38906715.35,702
38906767.1,704
38906817.72,706
38906868.9,708
38906920.22,710
38906971.65,712
38907023.33,714
38907073.89,716
38907125.73,718
38907176.42,720
38907227.61,722
38907278.99,724
38907329.91,726
38907381.13,728
38907432.32,730
38907483.48,732
38907534.75,734
38907585.97,736
38907637.45,738
38907688.5,740
38907739.4,742
38907790.58,744
38907841.82,746
38907893.21,748
38907944.41,750
38907996.24,752
38908047.16,754
38908098.06,756
38908149.13,758
38908200.23,760
38908251.64,762
38908302.72,764
38908354.41,766
38908405.54,768
38908456.32,770
38908507.37,772
38908558.69,774
38908609.7,776
38908661.27,778
38908713.08,780
38908763.48,782
38908815.3,784
38908865.93,786
38908917.63,788
38908968.27,790
38909019.52,792
38909070.69,794
38909121.97,796
38909173.71,798
38909224.33,800
38909276.03,802
38909326.72,804
38909378.06,806
38909429.04,808
38909480.29,810
38909531.49,812
38909582.63,814
38909633.83,816
38909685.56,818
38909736.7,820
38909787.56,822
38909838.78,824
38909889.92,826
38909941.04,828
38909992.23,830
38910044.08,832
38910095.68,834
38910145.82,836
38910197.43,838
38910248.23,840
38910300.07,842
38910350.73,844
38910402.46,846
38910452.99,848
38910504.2,850
38910555.46,852
38910606.58,854
38910658.27,856
38910708.9,858
38910760.73,860
38910811.65,862
38910862.67,864
38910913.93,866
38910965.09,868
38911016.81,870
38911067.57,872
38911119.42,874
38911169.74,876
38911221.13,878
38911272.31,880
38911323.32,882
38911375.16,884
38911425.96,886
38911477.63,888
38911528.49,890
38911579.43,892
38911630.34,894
38911681.5,896
38911732.74,898
38911784,900
38911835.61,902
38911886.8,904
38911937.91,906
38911989.04,908
38912040.22,910
38912091.37,912
38912142.54,914
38912194.48,916
38912245.8,918
38912296.15,920
38912348.12,922
38912398.57,924
38912450.23,926
38912500.93,928
38912552.12,930
38912603.1,932
38912654.43,934
38912706.24,936
38912756.86,938
38912808.56,940
38912859.32,942
38912910.73,944
38912961.79,946
38913012.95,948
38913064.18,950
38913115.37,952
38913166.55,954
38913218.24,956
38913269.32,958
38913320.27,960
38913371.33,962
38913422.55,964
38913473.72,966
38913525.03,968
38913576.88,970
38913627.97,972
38913678.3,974
38913730.06,976
38913780.94,978
38913832.7,980
38913883.33,982
38913934.53,984
38913985.73,986
38914036.94,988
38914088.61,990
38914139.33,992
38914191,994
38914241.69,996
38914293.06,998
38914344.22,1000
38914395.25,1002
38914446.48,1004
38914497.73,1006
38914548.95,1008
38914600.32,1010
38914651.57,1012
38914702.4,1014
38914753.5,1016
38914804.7,1018
38914856.08,1020
38914907.24,1022
38914959.05,1024
38915010.62,1026
38915061.02,1028
38915112.56,1030
38915163.24,1032
38915214.96,1034
38915265.7,1036
38915317,1038
38915368.2,1040
38915419.28,1042
38915471.16,1044
38915521.7,1046
38915573.47,1048
38915623.81,1050
38915675.05,1052
38915726.4,1054
38915777.82,1056
38915828.88,1058
38915880.06,1060
38915931.29,1062
38915982.5,1064
38916033.7,1066
38916085.34,1068
38916136.44,1070
38916187.33,1072
38916238.49,1074
38916289.7,1076
38916340.95,1078
38916392.09,1080
38916443.98,1082
38916494.84,1084
38916545.75,1086
38916596.74,1088
38916648.19,1090
38916699.28,1092
38916750.54,1094
38916802.12,1096
38916853.27,1098
38916903.94,1100
38916955.15,1102
38917006.41,1104
38917057.52,1106
38917108.89,1108
38917161.27,1110
38917211.24,1112
38917262.98,1114
38917313.7,1116
38917365.48,1118
38917416.06,1120
38917467.71,1122
38917518.46,1124
38917569.69,1126
38917620.63,1128
38917671.91,1130
38917723.52,1132
38917774.28,1134
38917826.23,1136
38917877.21,1138
38917928.05,1140
38917979.32,1142
38918030.54,1144
38918082.32,1146
38918132.89,1148
38918184.59,1150
38918235.35,1152
38918286.5,1154
38918337.92,1156
38918388.94,1158
38918440.6,1160
38918491.21,1162
38918543.23,1164
38918593.73,1166
38918644.81,1168
38918695.95,1170
38918747.19,1172
38918798.34,1174
38918849.65,1176
38918901.22,1178
38918952.4,1180
38919003.26,1182
38919054.46,1184
38919105.7,1186
38919156.89,1188
38919207.97,1190
38919260.07,1192
38919311.27,1194
38919361.6,1196
38919413.34,1198
38919463.91,1200
38919515.71,1202
38919566.35,1204
38919617.32,1206
38919668.8,1208
38919719.62,1210
38919771.61,1212
38919822.3,1214
38919874.09,1216
38919924.92,1218
38919976.19,1220
38920027.28,1222
38920078.39,1224
38920129.7,1226
38920180.92,1228
38920232,1230
38920283.66,1232
38920334.85,1234
38920385.66,1236
38920436.84,1238
38920488,1240
38920539.32,1242
38920591.55,1244
38920642.05,1246
38920693.4,1248
38920743.65,1250
38920795.67,1252
38920846.34,1254
38920898.07,1256
38920948.76,1258
38921000.14,1260
38921052.07,1262
38921102.43,1264
38921154.47,1266
38921204.85,1268
38921256.63,1270
38921307.33,1272
38921358.49,1274
38921409.57,1276
38921460.71,1278
38921511.86,1280
38921563.14,1282
38921614.14,1284
38921665.19,1286
38921716.52,1288
38921768.01,1290
38921819.65,1292
38921870.39,1294
38921921.43,1296
38921972.79,1298
38922023.9,1300
38922075.64,1302
38922126.75,1304
38922178.06,1306
38922228.8,1308
38922280.36,1310
38922331.42,1312
38922382.48,1314
38922433.54,1316
38922485.26,1318
38922536.33,1320
38922587.14,1322
38922638.18,1324
38922689.46,1326
38922741.09,1328
38922792.32,1330
38922843.96,1332
38922894.23,1334
38922946.07,1336
38922996.7,1338
38923048.51,1340
38923099.06,1342
38923150.31,1344
38923201.57,1346
38923252.67,1348
38923304.63,1350
38923355.2,1352
38923407.03,1354
38923457.61,1356
38923508.8,1358
38923559.85,1360
38923610.87,1362
38923662.03,1364
38923713.27,1366
38923764.43,1368
38923816.14,1370
38923867.38,1372
38923918.34,1374
38923969.54,1376
38924020.75,1378
38924071.9,1380
38924123.05,1382
38924175.01,1384
38924226.82,1386
38924276.66,1388
38924328.49,1390
38924379.1,1392
38924430.84,1394
38924481.5,1396
38924532.67,1398
38924583.85,1400
38924634.94,1402
38924686.75,1404
38924737.34,1406
38924789.07,1408
38924839.77,1410
38924891.32,1412
38924942.4,1414
38924993.4,1416
38925044.63,1418
38925095.92,1420
38925147.06,1422
38925198.81,1424
38925249.87,1426
38925300.67,1428
38925351.9,1430
38925403.12,1432
38925454.41,1434
38925505.51,1436
38925557.27,1438
38925608.6,1440
38925658.85,1442
38925710.71,1444
38925761.43,1446
38925813.31,1448
38925863.74,1450
38925915.53,1452
38925966.18,1454
38926017.42,1456
38926068.63,1458
38926119.92,1460
38926171.65,1462
38926222.31,1464
38926274.23,1466
38926324.9,1468
38926375.83,1470
38926427.01,1472
38926478.32,1474
38926530.11,1476
38926580.77,1478
38926632.09,1480
38926683.06,1482
38926734.26,1484
38926785.4,1486
38926836.38,1488
38926888.46,1490
38926938.91,1492
38926990.94,1494
38927041.54,1496
38927092.52,1498
38927143.68,1500
38927194.98,1502
38927246.14,1504
38927297.38,1506
38927348.54,1508
38927399.81,1510
38927451.37,1512
38927502.54,1514
38927553.46,1516
38927604.48,1518
38927655.48,1520
38927706.78,1522
38927758.3,1524
38927809.75,1526
38927861.4,1528
38927911.86,1530
38927963.07,1532
38928014.2,1534
38928065.45,1536
38928116.57,1538
38928168.28,1540
38928219.43,1542
38928270.03,1544
38928321.29,1546
38928372.57,1548
38928424.04,1550
38928475.01,1552
38928526.95,1554
38928577.34,1556
38928628.9,1558
38928679.53,1560
38928731.3,1562
38928781.96,1564
38928833.13,1566
38928884.34,1568
38928935.8,1570
38928987.52,1572
38929038.18,1574
38929089.88,1576
38929140.72,1578
38929191.9,1580
38929242.93,1582
38929294.05,1584
38929345.31,1586
38929396.51,1588
38929447.73,1590
38929499.35,1592
38929550.55,1594
38929601.09,1596
38929652.42,1598
38929703.49,1600
38929754.65,1602
38929805.99,1604
38929857.98,1606
38929909.06,1608
38929959.73,1610
38930011.57,1612
38930062.17,1614
38930113.82,1616
38930164.45,1618
38930215.69,1620
38930266.98,1622
38930318.2,1624
38930369.95,1626
38930420.57,1628
38930472.13,1630
38930522.94,1632
38930574.23,1634
38930625.05,1636
38930676.29,1638
38930727.56,1640
38930778.87,1642
38930830.08,1644
38930881.74,1646
38930932.94,1648
38930983.78,1650
38931035.05,1652
38931086.12,1654
38931137.37,1656
38931188.58,1658
38931240.36,1660
38931291.62,1662
38931342.17,1664
38931393.8,1666
38931444.66,1668
38931496.26,1670
38931546.87,1672
38931597.8,1674
38931649.01,1676
38931700.34,1678
38931752.15,1680
38931802.78,1682
38931854.58,1684
38931905.32,1686
38931956.67,1688
38932007.74,1690
38932058.83,1692
38932110.02,1694
38932161.2,1696
38932212.53,1698
38932264.08,1700
38932315.21,1702
38932365.98,1704
38932417.38,1706
38932468.45,1708
38932519.73,1710
38932570.8,1712
38932622.22,1714
38932673.69,1716
38932724.22,1718
38932775.92,1720
38932826.82,1722
38932878.48,1724
38932929.14,1726
38932980.9,1728
38933031.62,1730
38933082.87,1732
38933134.14,1734
38933185.34,1736
38933237.06,1738
38933287.83,1740
38933339.55,1742
38933390.28,1744
38933441.24,1746
38933492.51,1748
38933543.6,1750
38933595.42,1752
38933645.93,1754
38933697.64,1756
38933748.34,1758
38933799.55,1760
38933850.76,1762
38933901.71,1764
38933953.74,1766
38934004.65,1768
38934056.28,1770
38934107.1,1772
38934157.95,1774
38934209.15,1776
38934260.34,1778
38934311.53,1780
38934362.74,1782
38934414.43,1784
38934465.52,1786
38934516.39,1788
38934567.64,1790
38934618.6,1792
38934669.84,1794
38934720.93,1796
38934772.89,1798
38934824.22,1800
38934874.79,1802
38934926.48,1804
38934977.19,1806
38935028.93,1808
38935079.53,1810
38935130.73,1812
38935182.08,1814
38935233.29,1816
38935285.07,1818
38935335.69,1820
38935387.38,1822
38935438.07,1824
38935489.4,1826
38935540.34,1828
38935591.53,1830
38935642.48,1832
38935693.76,1834
38935744.95,1836
38935796.15,1838
38935847.33,1840
38935899.15,1842
38935950.3,1844
38936001.29,1846
38936052.34,1848
38936103.67,1850
38936155.01,1852
38936206.11,1854
38936257.69,1856
38936308.67,1858
38936359.6,1860
38936410.82,1862
38936461.99,1864
38936513.23,1866
38936564.47,1868
38936615.83,1870
38936667.1,1872
38936717.95,1874
38936769.01,1876
38936820.36,1878
38936871.71,1880
38936923.01,1882
38936974.66,1884
38937025.13,1886
38937076.81,1888
38937127.55,1890
38937179.28,1892
38937229.86,1894
38937281.15,1896
38937332.34,1898
38937383.63,1900
38937435.43,1902
38937485.99,1904
38937537.66,1906
38937588.56,1908
38937639.4,1910
38937690.46,1912
38937741.67,1914
38937793.02,1916
38937844.4,1918
38937895.51,1920
38937947.21,1922
38937998.25,1924
38938049.18,1926
38938100.43,1928
38938151.5,1930
38938202.84,1932
38938253.95,1934
38938306.01,1936
38938357.25,1938
38938407.5,1940
38938458.96,1942
38938509.8,1944
38938561.68,1946
38938612.06,1948
38938663.73,1950
38938714.52,1952
38938765.72,1954
38938816.91,1956
38938868.13,1958
38938920.15,1960
38938970.7,1962
38939022.54,1964
38939073.27,1966
38939124.22,1968
38939175.45,1970
38939226.66,1972
38939278.32,1974
38939328.97,1976
38939380.72,1978
38939431.53,1980
38939482.65,1982
38939533.88,1984
38939584.97,1986
38939636.77,1988
38939687.56,1990
38939739.34,1992
38939789.76,1994
38939841.01,1996
38939892.21,1998
38939943.41,2000
38939994.6,2002
38940045.85,2004
38940097.46,2006
38940148.6,2008
38940199.42,2010
38940250.62,2012
38940301.81,2014
38940353.15,2016
38940404.38,2018
38940456.01,2020
38940507.49,2022
38940557.94,2024
38940609.4,2026
38940660.02,2028
38940711.83,2030
38940762.41,2032
38940813.61,2034
38940864.81,2036
38940916.33,2038
38940968.06,2040
38941018.57,2042
38941070.26,2044
38941121.14,2046
38941172.33,2048
38941223.45,2050
38941274.59,2052
38941326.08,2054
38941377.15,2056
38941428.17,2058
38941479.83,2060
38941530.91,2062
38941581.7,2064
38941632.9,2066
38941684.08,2068
38941735.14,2070
38941786.46,2072
38941838.44,2074
38941889.8,2076
38941940.11,2078
38941991.85,2080
38942042.55,2082
38942094.23,2084
38942144.96,2086
38942196.22,2088
38942247.37,2090
38942298.66,2092
38942350.46,2094
38942400.93,2096
38942452.72,2098
38942503.49,2100
38942554.83,2102
38942605.56,2104
38942656.84,2106
38942707.99,2108
38942759.18,2110
38942810.36,2112
38942862.09,2114
38942913.22,2116
38942964.16,2118
38943015.44,2120
38943066.65,2122
38943117.63,2124
38943169.01,2126
38943220.83,2128
38943272.05,2130
38943322.59,2132
38943374.39,2134
38943425,2136
38943476.76,2138
38943527.37,2140
38943578.57,2142
38943629.58,2144
38943680.77,2146
38943732.58,2148
38943783.14,2150
38943835.01,2152
38943885.7,2154
38943937.28,2156
38943988.15,2158
38944039.32,2160
38944090.55,2162
38944141.75,2164
38944193.11,2166
38944243.99,2168
38944295.27,2170
38944347.23,2172
38944398.3,2174
38944448.9,2176
38944500.13,2178
38944551.24,2180
38944602.85,2182
38944653.5,2184
38944705.34,2186
38944756.21,2188
38944807.41,2190
38944858.47,2192
38944909.63,2194
38944961.05,2196
38945012.13,2198
38945063.78,2200
38945114.97,2202
38945165.85,2204
38945216.79,2206
38945268.11,2208
38945319.32,2210
38945370.69,2212
38945422.46,2214
38945472.88,2216
38945524.66,2218
38945575.76,2220
38945627.02,2222
38945677.39,2224
38945728.97,2226
38945779.8,2228
38945831.01,2230
38945882.2,2232
38945933.76,2234
38945985.34,2236
38946036.1,2238
38946087.92,2240
38946138.43,2242
38946189.63,2244
38946240.84,2246
38946292.06,2248
38946343.83,2250
38946394.43,2252
38946446.14,2254
38946496.86,2256
38946548.04,2258
38946599.21,2260
38946650.36,2262
38946702.32,2264
38946753.11,2266
38946804.83,2268
38946855.35,2270
38946906.44,2272
38946957.67,2274
38947008.76,2276
38947060.07,2278
38947111.28,2280
38947162.85,2282
38947213.96,2284
38947264.97,2286
38947316.13,2288
38947367.32,2290
38947418.62,2292
38947469.86,2294
38947521.5,2296
38947572.74,2298
38947623.05,2300
38947674.83,2302
38947725.45,2304
38947777.2,2306
38947827.9,2308
38947879.07,2310
38947930.48,2312
38947981.73,2314
38948033.43,2316
38948084.1,2318
38948135.85,2320
38948186.62,2322
38948237.71,2324
38948288.83,2326
38948339.97,2328
38948391.27,2330
38948442.37,2332
38948493.61,2334
38948545.2,2336
38948596.35,2338
38948647.09,2340
38948698.3,2342
38948749.52,2344
38948800.7,2346
38948851.89,2348
38948903.94,2350
38948955.14,2352
38949005.64,2354
38949057.36,2356
38949108.03,2358
38949159.86,2360
38949210.39,2362
38949261.62,2364
38949312.84,2366
38949364.12,2368
38949415.83,2370
38949466.37,2372
38949518.09,2374
38949568.84,2376
38949619.88,2378
38949671.01,2380
38949722.16,2382
38949773.48,2384
38949824.9,2386
38949875.97,2388
38949927.16,2390
38949978.46,2392
38950029.96,2394
38950081.2,2396
38950131.98,2398
38950183.28,2400
38950234.46,2402
38950285.85,2404
38950336.88,2406
38950388.54,2408
38950439.58,2410
38950490.38,2412
38950541.67,2414
38950592.9,2416
38950643.89,2418
38950695.22,2420
38950746.83,2422
38950797.85,2424
38950848.69,2426
38950899.9,2428
38950951.26,2430
38951002.46,2432
38951053.8,2434
38951105.41,2436
38951155.97,2438
38951207.71,2440
38951258.38,2442
38951310.21,2444
38951360.68,2446
38951411.98,2448
38951463.27,2450
38951514.46,2452
38951566.25,2454
38951616.67,2456
38951668.2,2458
38951719.12,2460
38951770.29,2462
38951821.45,2464
38951872.74,2466
38951923.97,2468
38951975.17,2470
38952026.3,2472
38952078,2474
38952129.32,2476
38952180.02,2478
38952231.3,2480
38952282.52,2482
38952333.77,2484
38952384.93,2486
38952436.57,2488
38952487.9,2490
38952538.32,2492
38952590.16,2494
38952640.46,2496
38952692.24,2498
38952742.85,2500
38952794.06,2502
38952845.29,2504
38952896.47,2506
38952948.47,2508
38952999.08,2510
38953050.83,2512
38953101.57,2514
38953152.87,2516
38953203.85,2518
38953255.07,2520
38953306.29,2522
38953357.47,2524
38953408.68,2526
38953460.34,2528
38953511.44,2530
38953562.39,2532
38953613.41,2534
38953664.46,2536
38953715.75,2538
38953767.04,2540
38953818.96,2542
38953870.37,2544
38953920.72,2546
38953972.51,2548
38954023.08,2550
38954074.8,2552
38954125.48,2554
38954176.74,2556
38954227.94,2558
38954279.23,2560
38954330.94,2562
38954381.77,2564
38954433.13,2566
38954483.81,2568
38954535.32,2570
38954586.46,2572
38954637.25,2574
38954688.47,2576
38954739.67,2578
38954790.81,2580
38954842.44,2582
38954893.64,2584
38954944.73,2586
38954996.02,2588
38955047.22,2590
38955098.39,2592
38955149.59,2594
38955201.29,2596
38955252.79,2598
38955303.09,2600
38955354.66,2602
38955405.47,2604
38955457.24,2606
38955507.87,2608
38955559.73,2610
38955610.14,2612
38955661.73,2614
38955712.44,2616
38955763.66,2618
38955814.82,2620
38955866.11,2622
38955918.26,2624
38955968.88,2626
38956020.44,2628
38956071.19,2630
38956122.29,2632
38956173.47,2634
38956224.77,2636
38956276.45,2638
38956327.09,2640
38956378.84,2642
38956429.52,2644
38956480.7,2646
38956531.97,2648
38956582.92,2650
38956634.97,2652
38956685.61,2654
38956737.19,2656
38956787.81,2658
38956839.08,2660
38956890.1,2662
38956941.31,2664
38956993.23,2666
38957043.56,2668
38957095.44,2670
38957146.07,2672
38957197.39,2674
38957248.51,2676
38957299.78,2678
38957351.82,2680
38957402.42,2682
38957453.95,2684
38957504.5,2686
38957556.31,2688
38957606.99,2690
38957658.59,2692
38957709.2,2694
38957760.4,2696
38957811.6,2698
38957862.72,2700
38957914.5,2702
38957965.5,2704
38958017.15,2706
38958068.12,2708
38958119.14,2710
38958170.24,2712
38958221.49,2714
38958272.65,2716
38958323.92,2718
38958375.04,2720
38958426.68,2722
38958477.85,2724
38958528.6,2726
38958579.96,2728
38958630.86,2730
38958682.05,2732
38958733.21,2734
38958785.15,2736
38958836.33,2738
38958886.9,2740
38958938.79,2742
38958989.36,2744
38959041.05,2746
38959091.88,2748
38959143,2750
38959194.23,2752
38959245.43,2754
38959297.09,2756
38959347.87,2758
38959399.44,2760
38959450.34,2762
38959501.59,2764
38959552.63,2766
38959603.49,2768
38959654.77,2770
38959705.89,2772
38959757.12,2774
38959808.73,2776
38959859.92,2778
38959910.96,2780
38959962.16,2782
38960013.63,2784
38960064.63,2786
38960115.79,2788
38960167.59,2790
38960218.82,2792
38960269.4,2794
38960321.15,2796
38960371.85,2798
38960423.44,2800
38960474.14,2802
38960525.36,2804
38960576.65,2806
38960627.65,2808
38960679.35,2810
38960730.04,2812
38960781.76,2814
38960832.59,2816
38960883.98,2818
38960935.09,2820
38960986.2,2822
38961037.32,2824
38961088.56,2826
38961139.69,2828
38961190.92,2830
38961242.2,2832
38961293.76,2834
38961345.01,2836
38961395.78,2838
38961447,2840
38961498.12,2842
38961549.35,2844
38961600.54,2846
38961652.24,2848
38961703.17,2850
38961753.98,2852
38961805.39,2854
38961856.54,2856
38961907.79,2858
38961958.99,2860
38962010.56,2862
38962061.71,2864
38962112.41,2866
38962163.6,2868
38962215.03,2870
38962265.97,2872
38962317.57,2874
38962369.11,2876
38962419.72,2878
38962471.55,2880
38962522.15,2882
38962573.84,2884
38962624.31,2886
38962675.47,2888
38962726.66,2890
38962777.97,2892
38962829.73,2894
38962880.44,2896
38962932.25,2898
38962983.13,2900
38963034.55,2902
38963085.36,2904
38963136.47,2906
38963187.69,2908
38963238.92,2910
38963290.1,2912
38963341.8,2914
38963392.78,2916
38963443.78,2918
38963494.99,2920
38963546.12,2922
38963597.11,2924
38963648.24,2926
38963700.1,2928
38963751.48,2930
38963802.04,2932
38963853.91,2934
38963904.47,2936
38963956.11,2938
38964006.85,2940
38964057.98,2942
38964109.25,2944
38964160.51,2946
38964212.12,2948
38964262.84,2950
38964314.61,2952
38964365.25,2954
38964416.76,2956
38964467.76,2958
38964518.78,2960
38964570.04,2962
38964620.98,2964
38964672.22,2966
38964723.89,2968
38964774.95,2970
38964825.78,2972
38964877.21,2974
38964928.44,2976
38964979.71,2978
38965030.9,2980
38965082.59,2982
38965134.09,2984
38965184.58,2986
38965236.16,2988
38965286.82,2990
38965338.76,2992
38965389.26,2994
38965440.95,2996
38965491.65,2998
38965542.86,3000
38965595.28,3002
38965645.07,3004
38965696.87,3006
38965747.49,3008
38965799.3,3010
38965850.3,3012
38965901.22,3014
38965952.41,3016
38966003.76,3018
38966055.4,3020
38966106.07,3022
38966157.84,3024
38966208.51,3026
38966259.74,3028
38966310.95,3030
38966361.92,3032
38966413.86,3034
38966464.37,3036
38966516.22,3038
38966567.08,3040
38966617.74,3042
38966668.95,3044
38966720.13,3046
38966771.34,3048
38966822.58,3050
38966873.8,3052
38966924.98,3054
38966976.86,3056
38967027.97,3058
38967078.81,3060
38967130.14,3062
38967181.2,3064
38967232.64,3066
38967283.79,3068
38967335.18,3070
38967386.44,3072
38967437.25,3074
38967488.44,3076
38967539.53,3078
38967590.87,3080
38967641.86,3082
38967693.71,3084
38967744.81,3086
38967795.65,3088
38967846.64,3090
38967898.06,3092
38967949.4,3094
38968000.4,3096
38968052.24,3098
38968102.73,3100
38968154.52,3102
38968205.2,3104
38968256.88,3106
38968307.61,3108
38968358.76,3110
38968409.98,3112
38968461.09,3114
38968512.83,3116
38968563.65,3118
38968615.23,3120
38968665.83,3122
38968716.89,3124
38968768.29,3126
38968819.57,3128
38968870.76,3130
38968921.95,3132
38968973.16,3134
38969024.82,3136
38969076.2,3138
38969126.85,3140
38969178.09,3142
38969229.13,3144
38969280.44,3146
38969331.58,3148
38969383.26,3150
38969434.57,3152
38969485.24,3154
38969536.77,3156
38969587.55,3158
38969639.05,3160
38969689.68,3162
38969740.94,3164
38969792.1,3166
38969843.38,3168
38969895.27,3170
38969945.88,3172
38969997.53,3174
38970048.4,3176
38970099.75,3178
38970150.67,3180
38970201.89,3182
38970253.13,3184
38970304.28,3186
38970355.66,3188
38970407.16,3190
38970458.27,3192
38970509.21,3194
38970560.41,3196
38970611.32,3198
38970662.58,3200
38970713.75,3202
38970765.64,3204
38970817.09,3206
38970867.51,3208
38970919.24,3210
38970969.92,3212
38971021.67,3214
38971072.33,3216
38971123.55,3218
38971174.76,3220
38971226.09,3222
38971277.71,3224
38971328.44,3226
38971380.07,3228
38971430.84,3230
38971482.07,3232
38971533.21,3234
38971584.37,3236
38971635.25,3238
38971686.55,3240
38971737.63,3242
38971789.36,3244
38971840.56,3246
38971891.44,3248
38971942.64,3250
38971993.83,3252
38972045.04,3254
38972096.33,3256
38972148.12,3258
38972199.53,3260
38972249.92,3262
38972301.41,3264
38972352.26,3266
38972404.07,3268
38972454.66,3270
38972506.34,3272
38972557.04,3274
38972608.08,3276
38972659.29,3278
38972710.45,3280
38972762.33,3282
38972812.85,3284
38972864.95,3286
38972915.6,3288
38972966.62,3290
38973017.86,3292
38973069,3294
38973120.73,3296
38973171.42,3298
38973223.19,3300
38973273.83,3302
38973325.03,3304
38973376.37,3306
38973427.37,3308
38973479.23,3310
38973529.83,3312
38973581.68,3314
38973632.18,3316
38973683.56,3318
38973734.69,3320
38973785.88,3322
38973837.11,3324
38973888.28,3326
38973939.8,3328
38973990.95,3330
38974041.92,3332
38974093.13,3334
38974144.23,3336
38974195.57,3338
38974246.68,3340
38974298.65,3342
38974349.81,3344
38974400.18,3346
38974451.97,3348
38974502.68,3350
38974554.25,3352
38974604.72,3354
38974655.95,3356
38974707.3,3358
38974758.52,3360
38974810.25,3362
38974860.88,3364
38974912.77,3366
38974963.49,3368
38975014.84,3370
38975065.91,3372
38975117.06,3374
38975168.28,3376
38975219.49,3378
38975270.68,3380
38975321.88,3382
38975373.04,3384
38975424.77,3386
38975475.83,3388
38975526.68,3390
38975577.97,3392
38975628.9,3394
38975680.13,3396
38975731.38,3398
38975783.09,3400
38975834.14,3402
38975885.06,3404
38975936.28,3406
38975987.57,3408
38976038.69,3410
38976089.77,3412
38976141.48,3414
38976192.63,3416
38976243.39,3418
38976294.53,3420
38976345.8,3422
38976397.29,3424
38976448.46,3426
38976500.1,3428
38976550.57,3430
38976602.25,3432
38976652.71,3434
38976704.55,3436
38976755.16,3438
38976806.35,3440
38976857.88,3442
38976908.99,3444
38976960.65,3446
38977011.28,3448
38977063.03,3450
38977113.92,3452
38977165.07,3454
38977216.12,3456
38977267.32,3458
38977318.59,3460
38977369.73,3462
38977420.98,3464
38977472.58,3466
38977523.66,3468
38977574.64,3470
38977625.59,3472
38977676.79,3474
38977728.09,3476
38977779.15,3478
38977831.26,3480
38977882.38,3482
38977932.94,3484
38977984.37,3486
38978035.3,3488
38978087.08,3490
38978137.7,3492
38978189.39,3494
38978240.1,3496
38978291.35,3498
38978342.58,3500
38978393.86,3502
38978445.58,3504
38978496.29,3506
38978548.13,3508
38978599.54,3510
38978649.48,3512
38978700.8,3514
38978751.94,3516
38978803.79,3518
38978854.48,3520
38978906.19,3522
38978956.98,3524
38979008.17,3526
38979059.35,3528
38979110.41,3530
38979162.29,3532
38979213.09,3534
38979264.84,3536
38979315.47,3538
38979366.57,3540
38979417.73,3542
38979468.97,3544
38979520.19,3546
38979571.33,3548
38979622.73,3550
38979673.98,3552
38979724.79,3554
38979776.03,3556
38979827.14,3558
38979878.66,3560
38979930.01,3562
38979981.54,3564
38980032.81,3566
38980083.39,3568
38980135.03,3570
38980185.69,3572
38980237.48,3574
38980288.13,3576
38980339.37,3578
38980390.57,3580
38980441.77,3582
38980493.81,3584
38980544.2,3586
38980595.83,3588
38980646.58,3590
38980697.64,3592
38980748.71,3594
38980800.13,3596
38980851.29,3598
38980902.5,3600
38980953.69,3602
38981005.29,3604
38981056.5,3606
38981107.38,3608
38981158.57,3610
38981209.79,3612
38981261.02,3614
38981312.1,3616
38981364.2,3618
38981415.44,3620
38981465.64,3622
38981517.45,3624
38981568.05,3626
38981619.66,3628
38981670.16,3630
38981721.46,3632
38981772.54,3634
38981823.88,3636
38981875.81,3638
38981926.58,3640
38981978.21,3642
38982029.07,3644
38982080.46,3646
38982131.23,3648
38982182.64,3650
38982233.66,3652
38982284.89,3654
38982336.08,3656
38982387.69,3658
38982438.85,3660
38982489.77,3662
38982540.88,3664
38982592,3666
38982643.06,3668
38982694.25,3670
38982746.14,3672
38982797.61,3674
38982848.04,3676
38982899.97,3678
38982950.46,3680
38983002.1,3682
38983052.84,3684
38983104.03,3686
38983155.26,3688
38983206.41,3690
38983258.27,3692
38983308.86,3694
38983360.86,3696
38983411.34,3698
38983462.76,3700
38983513.95,3702
38983564.79,3704
38983615.85,3706
38983667.03,3708
38983718.22,3710
38983769.48,3712
38983820.58,3714
38983872.33,3716
38983923.6,3718
38983974.45,3720
38984025.73,3722
38984076.79,3724
38984128.12,3726
38984179.56,3728
38984231,3730
38984281.97,3732
38984332.81,3734
38984384.13,3736
38984435.15,3738
38984486.52,3740
38984537.64,3742
38984589.39,3744
38984640.29,3746
38984691.15,3748
38984742.3,3750
38984793.59,3752
38984844.65,3754
38984896.19,3756
38984947.85,3758
38984998.35,3760
38985050.16,3762
38985100.81,3764
38985152.6,3766
38985203.16,3768
38985254.9,3770
38985305.64,3772
38985356.85,3774
38985408.05,3776
38985459.26,3778
38985511.76,3780
38985561.61,3782
38985613.34,3784
38985664.09,3786
38985715.08,3788
38985766.48,3790
38985817.7,3792
38985869.45,3794
38985920.13,3796
38985971.62,3798
38986022.48,3800
38986073.66,3802
38986124.89,3804
38986175.88,3806
38986227.72,3808
38986278.57,3810
38986330.33,3812
38986380.8,3814
38986432.1,3816
38986483.1,3818
38986534.4,3820
38986585.55,3822
38986636.56,3824
38986688.15,3826
38986739.43,3828
38986790.2,3830
38986841.34,3832
38986892.81,3834
38986944.06,3836
38986995.37,3838
38987046.82,3840
38987098.33,3842
38987148.8,3844
38987200.54,3846
38987251.15,3848
38987302.9,3850
38987353.54,3852
38987404.74,3854
38987455.95,3856
38987507.15,3858
38987558.94,3860
38987609.45,3862
38987661.08,3864
38987712.01,3866
38987762.94,3868
38987814.34,3870
38987865.51,3872
38987916.61,3874
38987967.95,3876
38988019.16,3878
38988070.8,3880
38988122.06,3882
38988172.8,3884
38988223.99,3886
38988275.21,3888
38988326.45,3890
38988377.68,3892
38988429.39,3894
38988480.63,3896
38988531.21,3898
38988583.13,3900
38988633.31,3902
38988685.09,3904
38988735.71,3906
38988786.84,3908
38988838.13,3910
38988889.41,3912
38988941.35,3914
38988991.91,3916
38989043.55,3918
38989094.3,3920
38989145.48,3922
38989196.57,3924
38989247.91,3926
38989299.11,3928
38989350.32,3930
38989401.59,3932
38989452.75,3934
38989503.96,3936
38989555.62,3938
38989606.46,3940
38989657.33,3942
38989708.57,3944
38989759.8,3946
38989811.12,3948
38989862.57,3950
38989913.8,3952
38989964.99,3954
38990015.87,3956
38990067.02,3958
38990118.22,3960
38990169.47,3962
38990220.81,3964
38990272.37,3966
38990323.6,3968
38990374.3,3970
38990425.38,3972
38990476.81,3974
38990528.09,3976
38990579.17,3978
38990630.89,3980
38990681.59,3982
38990733.17,3984
38990783.87,3986
38990835.61,3988
38990886.17,3990
38990937.45,3992
38990988.8,3994
38991039.81,3996
38991091.6,3998
38991142.31,4000
38991193.96,4002
38991244.81,4004
38991295.86,4006
38991347.02,4008
38991398.26,4010
38991449.41,4012
38991500.58,4014
38991551.82,4016
38991604.71,4018
38991654.35,4020
38991705.34,4022
38991756.52,4024
38991807.65,4026
38991858.96,4028
38991910.3,4030
38991962.23,4032
38992013.32,4034
38992063.86,4036
38992115.62,4038
38992166.22,4040
38992217.98,4042
38992268.67,4044
38992319.9,4046
38992371.15,4048
38992422.37,4050
38992474.1,4052
38992524.68,4054
38992576.37,4056
38992627.01,4058
38992678.22,4060
38992729.25,4062
38992780.52,4064
38992831.96,4066
38992883.15,4068
38992934.22,4070
38992985.82,4072
38993036.99,4074
38993087.86,4076
38993139.19,4078
38993190.26,4080
38993241.54,4082
38993292.7,4084
38993344.61,4086
38993395.85,4088
38993446.28,4090
38993497.97,4092
38993548.61,4094
38993600.38,4096
38993650.78,4098
38993701.96,4100
38993753.24,4102
38993804.54,4104
38993856.22,4106
38993906.83,4108
38993958.73,4110
38994009.46,4112
38994060.71,4114
38994111.76,4116
38994162.98,4118
38994214.17,4120
38994265.41,4122
38994316.54,4124
38994368.24,4126
38994419.37,4128
38994470.13,4130
38994521.54,4132
38994572.79,4134
38994623.68,4136
38994674.88,4138
38994726.43,4140
38994778,4142
38994828.58,4144
38994880.05,4146
38994930.97,4148
38994982.77,4150
38995033.41,4152
38995085.17,4154
38995135.77,4156
38995187.53,4158
38995238.16,4160
38995289.41,4162
38995340.61,4164
38995391.73,4166
38995443.7,4168
38995494.39,4170
38995545.74,4172
38995596.66,4174
38995647.58,4176
38995698.78,4178
38995750.14,4180
38995801.87,4182
38995852.53,4184
38995904.28,4186
38995954.89,4188
38996006.22,4190
38996057.38,4192
38996108.43,4194
38996160.64,4196
38996211.16,4198
38996262.71,4200
38996313.36,4202
38996364.71,4204
38996415.67,4206
38996466.8,4208
38996518.58,4210
38996569.65,4212
38996621.03,4214
38996671.86,4216
38996722.97,4218
38996774.03,4220
38996825.27,4222
38996877.35,4224
38996927.92,4226
38996979.75,4228
38997030.11,4230
38997081.93,4232
38997132.52,4234
38997184.4,4236
38997235.19,4238
38997286.17,4240
38997337.38,4242
38997388.68,4244
38997440.36,4246
38997491.03,4248
38997542.87,4250
38997593.59,4252
38997644.38,4254
38997695.56,4256
38997746.74,4258
38997798.14,4260
38997849.38,4262
38997900.53,4264
38997952.15,4266
38998003.28,4268
38998054.14,4270
38998105.4,4272
38998156.52,4274
38998207.68,4276
38998258.93,4278
38998310.64,4280
38998361.87,4282
38998412.54,4284
38998464.22,4286
38998514.96,4288
38998566.77,4290
38998617.13,4292
38998668.31,4294
38998719.54,4296
38998770.78,4298
38998822.55,4300
38998873.19,4302
38998924.93,4304
38998975.81,4306
38999027.14,4308
38999078.13,4310
38999129.36,4312
38999180.65,4314
38999231.81,4316
38999282.93,4318
38999334.66,4320
38999385.68,4322
38999436.51,4324
38999487.77,4326
38999538.8,4328
38999590.11,4330
38999641.06,4332
38999692.89,4334
38999744.26,4336
38999794.89,4338
38999846.69,4340
38999897.29,4342
38999949.09,4344
38999999.67,4346
39000050.83,4348
39000102.02,4350
39000153.31,4352
39000205.11,4354
39000255.8,4356
39000307.49,4358
39000358.18,4360
39000409.5,4362
39000460.53,4364
39000511.68,4366
39000562.89,4368
39000613.84,4370
39000664.99,4372
39000716.22,4374
39000767.42,4376
39000819.11,4378
39000870.39,4380
39000921.34,4382
39000972.42,4384
39001023.63,4386
39001074.84,4388
39001126.17,4390
39001177.66,4392
39001228.97,4394
39001279.73,4396
39001330.87,4398
39001382.08,4400
39001433.43,4402
39001484.49,4404
39001536.26,4406
39001587.34,4408
39001637.91,4410
39001689.09,4412
39001740.51,4414
39001791.63,4416
39001843.07,4418
39001894.57,4420
39001945.2,4422
39001997.07,4424
39002047.59,4426
39002099.24,4428
39002149.98,4430
39002201.25,4432
39002252.42,4434
39002303.73,4436
39002355.53,4438
39002406.13,4440
39002457.72,4442
39002508.83,4444
39002559.8,4446
39002610.59,4448
39002661.77,4450
39002713,4452
39002764.15,4454
39002815.37,4456
39002867.39,4458
39002918.27,4460
39002969.34,4462
39003020.54,4464
39003071.72,4466
39003122.91,4468
39003174.02,4470
39003225.93,4472
39003277.24,4474
39003327.64,4476
39003379.26,4478
39003429.99,4480
39003481.75,4482
39003532.39,4484
39003583.71,4486
39003634.51,4488
39003685.75,4490
39003737.55,4492
39003788.16,4494
39003839.86,4496
39003890.76,4498
39003942.23,4500
39003993.23,4502
39004044.33,4504
39004095.59,4506
39004146.76,4508
39004198.04,4510
39004249.64,4512
39004300.75,4514
39004351.68,4516
39004402.91,4518
39004454.05,4520
39004505.29,4522
39004556.53,4524
39004608.04,4526
39004659.52,4528
39004709.73,4530
39004761.74,4532
39004812.4,4534
39004864.28,4536
39004914.78,4538
39004966.5,4540
39005017.22,4542
39005068.4,4544
39005119.56,4546
39005170.87,4548
39005222.63,4550
39005273.25,4552
39005325.11,4554
39005375.85,4556
39005426.88,4558
39005478.04,4560
39005529.31,4562
39005580.92,4564
39005631.44,4566
39005683.12,4568
39005734.02,4570
39005785.09,4572
39005836.36,4574
39005887.49,4576
39005939.39,4578
39005990,4580
39006041.89,4582
39006092.54,4584
39006143.54,4586
39006194.74,4588
39006245.99,4590
39006297.15,4592
39006348.43,4594
39006399.6,4596
39006450.78,4598
39006502.35,4600
39006553.54,4602
39006604.1,4604
39006655.42,4606
39006706.64,4608
39006758.04,4610
39006809.05,4612
39006860.84,4614
39006912,4616
39006962.84,4618
39007013.86,4620
39007065.09,4622
39007116.26,4624
39007167.5,4626
39007219.29,4628
39007270.48,4630
39007321.19,4632
39007372.24,4634
39007423.6,4636
39007475.08,4638
39007525.95,4640
39007577.89,4642
39007628.15,4644
39007679.86,4646
39007730.47,4648
39007782.3,4650
39007832.87,4652
39007884.07,4654
39007935.41,4656
39007986.82,4658
39008038.5,4660
39008089.73,4662
39008140.99,4664
39008191.73,4666
39008242.69,4668
39008293.88,4670
39008345.13,4672
39008396.34,4674
39008447.49,4676
39008498.66,4678
39008550.31,4680
39008602.61,4682
39008652.02,4684
39008703.26,4686
39008754.47,4688
39008805.64,4690
39008856.97,4692
39008909.08,4694
39008960.18,4696
39009010.65,4698
39009062.45,4700
39009113.1,4702
39009164.83,4704
39009215.59,4706
39009266.71,4708
39009317.89,4710
39009369.32,4712
39009420.97,4714
39009471.59,4716
39009523.34,4718
39009574.13,4720
39009624.92,4722
39009676.11,4724
39009727.3,4726
39009778.5,4728
39009830.03,4730
39009881.1,4732
39009932.7,4734
39009983.8,4736
39010034.76,4738
39010085.98,4740
39010137.09,4742
39010188.31,4744
39010239.36,4746
39010291.44,4748
39010342.66,4750
39010393.38,4752
39010444.81,4754
39010495.53,4756
39010547.28,4758
39010597.86,4760
39010648.86,4762
39010700.06,4764
39010751.44,4766
39010803.14,4768
39010853.75,4770
39010905.63,4772
39010956.42,4774
39011007.74,4776
39011058.68,4778
39011110,4780
39011161.11,4782
39011212.28,4784
39011263.53,4786
39011315.12,4788
39011366.23,4790
39011417,4792
39011468.22,4794
39011519.37,4796
39011570.62,4798
39011621.58,4800
39011673.46,4802
39011724.89,4804
39011775.23,4806
39011826.93,4808
39011877.86,4810
39011929.55,4812
39011980.26,4814
39012032,4816
39012082.68,4818
39012133.86,4820
39012185.05,4822
39012236.34,4824
39012287.91,4826
39012338.6,4828
39012390.64,4830
39012441.23,4832
39012492.25,4834
39012543.37,4836
39012594.74,4838
39012646.32,4840
39012697.11,4842
39012748.86,4844
39012799.53,4846
39012850.56,4848
39012901.89,4850
39012952.86,4852
39013004.81,4854
39013055.54,4856
39013107.24,4858
39013157.75,4860
39013209.05,4862
39013260.26,4864
39013311.72,4866
39013362.6,4868
39013413.82,4870
39013465.36,4872
39013516.67,4874
39013567.42,4876
39013618.74,4878
39013669.63,4880
39013720.95,4882
39013772.08,4884
39013824.12,4886
39013875.29,4888
39013925.81,4890
39013977.59,4892
39014028.24,4894
39014079.92,4896
39014130.57,4898
39014181.84,4900
39014233.1,4902
39014284.19,4904
39014336,4906
39014386.66,4908
39014438.25,4910
39014489.2,4912
39014540.33,4914
39014591.4,4916
39014642.43,4918
39014693.59,4920
39014744.77,4922
39014795.98,4924
39014847.19,4926
39014898.38,4928
39014950.18,4930
39015001.5,4932
39015052.21,4934
39015103.48,4936
39015154.6,4938
39015206.08,4940
39015257.18,4942
39015308.75,4944
39015359.76,4946
39015410.7,4948
39015461.91,4950
39015513.01,4952
39015564.28,4954
39015615.18,4956
39015666.87,4958
39015718.18,4960
39015769.1,4962
39015820.02,4964
39015871.37,4966
39015922.78,4968
39015973.88,4970
39016025.57,4972
39016076.17,4974
39016127.99,4976
39016178.69,4978
39016230.31,4980
39016280.97,4982
39016332.21,4984
39016383.44,4986
39016434.7,4988
39016486.36,4990
39016537.01,4992
39016588.83,4994
39016639.31,4996
39016690.46,4998
39016741.53,5000
39016792.86,5002
39016844.2,5004
39016895.32,5006
39016946.55,5008
39016998.12,5010
39017049.25,5012
39017100.25,5014
39017151.32,5016
39017202.61,5018
39017253.79,5020
39017305.05,5022
39017356.63,5024
39017407.82,5026
39017458.46,5028
39017510.02,5030
39017560.88,5032
39017612.48,5034
39017663.18,5036
39017714.84,5038
39017765.53,5040
39017816.69,5042
39017868.25,5044
39017919.35,5046
39017971.15,5048
39018021.84,5050
39018073.52,5052
39018124.2,5054
39018175.27,5056
39018226.55,5058
39018277.68,5060
39018329.43,5062
39018380.26,5064
39018431.92,5066
39018482.6,5068
39018533.75,5070
39018584.93,5072
39018635.99,5074
39018687.69,5076
39018738.69,5078
39018790.32,5080
39018841.02,5082
39018892.03,5084
39018943.33,5086
39018994.52,5088
39019045.73,5090
39019096.91,5092
39019148.6,5094
39019199.68,5096
39019250.59,5098
39019301.75,5100
39019352.95,5102
39019404.24,5104
39019455.46,5106
39019507.06,5108
39019558.4,5110
39019608.7,5112
39019660.47,5114
39019711.1,5116
39019762.88,5118
39019813.56,5120
39019864.72,5122
39019915.88,5124
39019967.37,5126
39020019.08,5128
39020069.79,5130
39020121.73,5132
39020172.35,5134
39020223.39,5136
39020274.55,5138
39020325.73,5140
39020376.96,5142
39020428.17,5144
39020479.3,5146
39020530.89,5148
39020582.02,5150
39020632.74,5152
39020683.97,5154
39020735.05,5156
39020786.38,5158
39020837.49,5160
39020889.47,5162
39020940.8,5164
39020991.31,5166
39021043.06,5168
39021093.67,5170
39021145.56,5172
39021196.06,5174
39021247.42,5176
39021298.39,5178
39021349.77,5180
39021401.55,5182
39021452.12,5184
39021503.86,5186
39021554.69,5188
39021606.95,5190
39021656.65,5192
39021707.81,5194
39021759.04,5196
39021810.48,5198
39021861.73,5200
39021913.28,5202
39021964.48,5204
39022015.41,5206
39022066.53,5208
39022117.71,5210
39022168.99,5212
39022220.08,5214
39022271.88,5216
39022323.29,5218
39022373.7,5220
39022425.4,5222
39022476.11,5224
39022527.83,5226
39022578.51,5228
39022629.43,5230
39022680.63,5232
39022731.94,5234
39022783.68,5236
39022834.29,5238
39022886.03,5240
39022936.9,5242
39022988.15,5244
39023039.22,5246
39023090.38,5248
39023141.59,5250
39023192.87,5252
39023244.08,5254
39023295.3,5256
39023346.44,5258
39023398.07,5260
39023449.19,5262
39023500.12,5264
39023551.32,5266
39023602.43,5268
39023653.52,5270
39023704.87,5272
39023756.36,5274
39023807.44,5276
39023858.51,5278
39023909.71,5280
39023960.84,5282
39024012.1,5284
39024063.23,5286
39024114.96,5288
39024166.07,5290
39024216.88,5292
39024267.92,5294
39024319.22,5296
39024370.48,5298
39024421.71,5300
39024473.43,5302
39024524.03,5304
39024575.81,5306
39024626.24,5308
39024677.96,5310
39024728.56,5312
39024780.26,5314
39024830.91,5316
39024882.2,5318
39024933.48,5320
39024984.91,5322
39025036.71,5324
39025087.46,5326
39025139.06,5328
39025189.66,5330
39025240.82,5332
39025292.02,5334
39025343.3,5336
39025395.06,5338
39025445.77,5340
39025497.38,5342
39025548.07,5344
39025599.19,5346
39025650.38,5348
39025701.48,5350
39025753.36,5352
39025804.29,5354
39025855.77,5356
39025906.55,5358
39025957.59,5360
39026008.77,5362
39026059.96,5364
39026111.17,5366
39026162.29,5368
39026214.07,5370
39026265.25,5372
39026316.13,5374
39026367.41,5376
39026418.37,5378
39026469.64,5380
39026521.11,5382
39026572.4,5384
39026623.59,5386
39026674.19,5388
39026725.9,5390
39026776.72,5392
39026828.45,5394
39026879.21,5396
39026930.36,5398
39026981.49,5400
39027032.86,5402
39027084.6,5404
39027135.26,5406
39027187.24,5408
39027237.77,5410
39027288.74,5412
39027339.96,5414
39027391.16,5416
39027442.3,5418
39027493.56,5420
39027544.73,5422
39027596.3,5424
39027647.27,5426
39027698.16,5428
39027749.41,5430
39027800.52,5432
39027851.84,5434
39027903.18,5436
39027955.06,5438
39028006.14,5440
39028056.76,5442
39028108.58,5444
39028159.07,5446
39028210.73,5448
39028261.48,5450
39028312.74,5452
39028363.9,5454
39028415.1,5456
39028466.92,5458
39028517.49,5460
39028569.16,5462
39028619.81,5464
39028671.53,5466
39028722.06,5468
39028773.26,5470
39028824.77,5472
39028875.98,5474
39028927.3,5476
39028978.32,5478
39029029.52,5480
39029081.1,5482
39029132.22,5484
39029183.08,5486
39029234.42,5488
39029285.54,5490
39029337.09,5492
39029387.99,5494
39029439.63,5496
39029490.76,5498
39029541.63,5500
39029592.81,5502
39029643.7,5504
39029695.17,5506
39029746.29,5508
39029798.08,5510
39029849,5512
39029899.94,5514
39029950.98,5516
39030002.39,5518
39030053.62,5520
39030104.78,5522
39030156.45,5524
39030207.14,5526
39030258.89,5528
39030309.56,5530
39030361.29,5532
39030411.88,5534
39030463.05,5536
39030514.23,5538
39030565.48,5540
39030616.99,5542
39030667.79,5544
39030719.58,5546
39030770.29,5548
39030821.47,5550
39030872.7,5552
39030923.93,5554
39030975.12,5556
39031026.27,5558
39031077.63,5560
39031129.13,5562
39031180.28,5564
39031231.22,5566
39031282.42,5568
39031333.52,5570
39031384.76,5572
39031436.11,5574
39031487.69,5576
39031538.97,5578
39031589.41,5580
39031641.02,5582
39031691.62,5584
39031743.46,5586
39031794.05,5588
39031845.25,5590
39031896.6,5592
39031947.84,5594
39031999.63,5596
39032050.36,5598
39032102.16,5600
39032152.95,5602
39032203.94,5604
39032255.09,5606
39032306.36,5608
39032357.53,5610
39032408.63,5612
39032460.15,5614
39032511.46,5616
39032562.64,5618
39032613.32,5620
39032664.52,5622
39032715.66,5624
39032766.94,5626
39032818.07,5628
39032870.18,5630
39032921.38,5632
39032971.89,5634
39033023.65,5636
39033074.28,5638
39033125.96,5640
39033176.6,5642
39033227.85,5644
39033279.12,5646
39033330.42,5648
39033382.05,5650
39033432.74,5652
39033484.43,5654
39033535.21,5656
39033586.51,5658
39033637.18,5660
39033688.41,5662
39033739.57,5664
39033790.98,5666
39033842.24,5668
39033893.95,5670
39033945.01,5672
39033995.81,5674
39034047.09,5676
39034098.16,5678
39034149.56,5680
39034200.61,5682
39034252.51,5684
39034303.85,5686
39034354.24,5688
39034405.82,5690
39034456.67,5692
39034508.34,5694
39034559.03,5696
39034612.84,5698
39034661.16,5700
39034713.1,5702
39034763.61,5704
39034814.82,5706
39034865.91,5708
39034917.17,5710
39034969.45,5712
39035019.92,5714
39035071.6,5716
39035122.3,5718
39035173.52,5720
39035224.73,5722
39035275.92,5724
39035327.56,5726
39035378.23,5728
39035430.02,5730
39035480.73,5732
39035531.83,5734
39035582.98,5736
39035634.05,5738
39035686.12,5740
39035736.68,5742
39035788.25,5744
39035839.08,5746
39035890.27,5748
39035941.3,5750
39035992.49,5752
39036044.38,5754
39036095.05,5756
39036146.7,5758
39036197.45,5760
39036248.68,5762
39036299.76,5764
39036350.95,5766
39036402.93,5768
39036453.48,5770
39036505.28,5772
39036555.78,5774
39036607.55,5776
39036657.91,5778
39036709.68,5780
39036760.31,5782
39036811.61,5784
39036862.73,5786
39036913.95,5788
39036965.75,5790
39037016.31,5792
39037068.62,5794
39037119.07,5796
39037170.12,5798
39037221.39,5800
39037272.6,5802
39037323.83,5804
39037375.08,5806
39037426.32,5808
39037477.88,5810
39037528.93,5812
39037579.76,5814
39037630.89,5816
39037681.98,5818
39037733.25,5820
39037784.41,5822
39037836.31,5824
39037887.65,5826
39037938.14,5828
39037989.94,5830
39038040.56,5832
39038092.35,5834
39038142.92,5836
39038194.11,5838
39038245.38,5840
39038296.65,5842
39038348.47,5844
39038399.05,5846
39038450.79,5848
39038501.54,5850
39038552.65,5852
39038604.79,5854
39038654.68,5856
39038705.89,5858
39038757.09,5860
39038808.28,5862
39038859.88,5864
39038911.08,5866
39038962.11,5868
39039013.53,5870
39039064.64,5872
39039115.88,5874
39039167.05,5876
39039218.85,5878
39039270.14,5880
39039320.54,5882
39039372.56,5884
39039422.98,5886
39039474.68,5888
39039525.39,5890
39039576.56,5892
39039627.6,5894
39039678.78,5896
39039730.46,5898
39039781.21,5900
39039832.97,5902
39039883.8,5904
39039935.19,5906
39039986.11,5908
39040037.32,5910
39040088.5,5912
39040139.67,5914
39040190.92,5916
39040242.16,5918
39040293.31,5920
39040344.91,5922
39040396.02,5924
39040446.89,5926
39040498.04,5928
39040549.25,5930
39040600.7,5932
39040651.61,5934
39040703.27,5936
39040754.32,5938
39040805.39,5940
39040856.63,5942
39040907.75,5944
39040959,5946
39041010.11,5948
39041061.85,5950
39041112.86,5952
39041163.78,5954
39041214.8,5956
39041266.15,5958
39041317.62,5960
39041368.54,5962
39041420.22,5964
39041470.86,5966
39041522.74,5968
39041573.36,5970
39041624.9,5972
39041675.56,5974
39041726.63,5976
39041777.77,5978
39041829.18,5980
39041880.81,5982
39041931.78,5984
39041983.63,5986
39042034.51,5988
39042085.2,5990
39042136.47,5992
39042187.7,5994
39042238.9,5996
39042290.12,5998
39042341.3,6000
39042392.97,6002
39042444.12,6004
39042494.91,6006
39042545.91,6008
39042597.26,6010
39042648.32,6012
39042699.48,6014
39042751.32,6016
39042802.65,6018
39042853.31,6020
39042905.13,6022
39042955.67,6024
39043007.45,6026
39043058.12,6028
39043109.26,6030
39043160.49,6032
39043211.8,6034
39043263.63,6036
39043314.21,6038
39043365.94,6040
39043416.65,6042
39043467.84,6044
39043518.84,6046
39043570.06,6048
39043621.08,6050
39043672.26,6052
39043723.52,6054
39043775.13,6056
39043826.36,6058
39043877.13,6060
39043928.33,6062
39043979.65,6064
39044030.98,6066
39044082.12,6068
39044134.28,6070
39044184.61,6072
39044236.24,6074
39044286.78,6076
39044338.07,6078
39044389.21,6080
39044440.54,6082
39044492.28,6084
39044542.99,6086
39044594.6,6088
39044645.07,6090
39044696.24,6092
39044747.4,6094
39044798.72,6096
39044850.84,6098
39044901.43,6100
39044953.13,6102
39045003.72,6104
39045055.27,6106
39045106.02,6108
39045157.84,6110
39045208.4,6112
39045259.58,6114
39045310.81,6116
39045362.04,6118
39045413.99,6120
39045464.49,6122
39045516.29,6124
39045567.1,6126
39045617.93,6128
39045668.98,6130
39045720.45,6132
39045771.42,6134
39045822.84,6136
39045874.23,6138
39045925.21,6140
39045976.41,6142
39046028.04,6144
39046079.17,6146
39046130.11,6148
39046181.35,6150
39046232.49,6152
39046283.9,6154
39046334.86,6156
39046386.46,6158
39046437.48,6160
39046488.36,6162
39046539.58,6164
39046590.75,6166
39046641.84,6168
39046693.07,6170
39046744.93,6172
39046796.01,6174
39046846.95,6176
39046897.8,6178
39046949.25,6180
39047000.41,6182
39047051.53,6184
39047103.36,6186
39047154.05,6188
39047205.75,6190
39047256.41,6192
39047308.21,6194
39047358.81,6196
39047410.01,6198
39047461.17,6200
39047512.49,6202
39047564.1,6204
39047614.58,6206
39047666.34,6208
39047717.08,6210
39047768.14,6212
39047819.51,6214
39047870.75,6216
39047921.95,6218
39047973.11,6220
39048024.37,6222
39048075.96,6224
39048127.21,6226
39048178.06,6228
39048229.31,6230
39048280.38,6232
39048331.7,6234
39048383.05,6236
39048434.33,6238
39048485.98,6240
39048536.35,6242
39048588.06,6244
39048638.55,6246
39048690.36,6248
39048740.88,6250
39048792.19,6252
39048843.35,6254
39048894.75,6256
39048946.61,6258
39048997.22,6260
39049049.11,6262
39049099.72,6264
39049150.71,6266
39049201.96,6268
39049253.22,6270
39049304.33,6272
39049355.72,6274
39049406.64,6276
39049458.51,6278
39049509.53,6280
39049560.46,6282
39049611.38,6284
39049662.54,6286
39049713.8,6288
39049765.09,6290
39049817.15,6292
39049868.19,6294
39049918.8,6296
39049970.52,6298
39050021.17,6300
39050072.91,6302
39050123.52,6304
39050174.91,6306
39050226.1,6308
39050277.09,6310
39050328.9,6312
39050379.62,6314
39050431.18,6316
39050482.07,6318
39050533.39,6320
39050584.35,6322
39050635.35,6324
39050686.45,6326
39050737.82,6328
39050788.92,6330
39050840.56,6332
39050891.78,6334
39050942.8,6336
39050994.02,6338
39051045.09,6340
39051096.45,6342
39051147.51,6344
39051199.33,6346
39051250.76,6348
39051301.12,6350
39051352.68,6352
39051403.52,6354
39051455.21,6356
39051505.93,6358
39051557.54,6360
39051608.87,6362
39051659.28,6364
39051710.49,6366
39051761.64,6368
39051813.4,6370
39051864.13,6372
39051916.15,6374
39051966.68,6376
39052017.89,6378
39052069.08,6380
39052120.22,6382
39052172.12,6384
39052222.8,6386
39052274.51,6388
39052325.06,6390
39052376.38,6392
39052427.56,6394
39052478.43,6396
39052530.27,6398
39052581.13,6400
39052632.81,6402
39052683.56,6404
39052734.62,6406
39052785.92,6408
39052837.16,6410
39052888.26,6412
39052939.49,6414
39052991.12,6416
39053042.2,6418
39053092.92,6420
39053144.27,6422
39053195.48,6424
39053246.71,6426
39053298.24,6428
39053349.75,6430
39053401.04,6432
39053451.49,6434
39053503.27,6436
39053553.88,6438
39053605.64,6440
39053656.09,6442
39053707.38,6444
39053758.6,6446
39053809.78,6448
39053861.52,6450
39053912.26,6452
39053964.45,6454
39054014.91,6456
39054066.48,6458
39054117.11,6460
39054168.37,6462
39054219.51,6464
39054270.78,6466
39054322.6,6468
39054373.17,6470
39054424.74,6472
39054475.48,6474
39054526.82,6476
39054578.02,6478
39054628.94,6480
39054680.82,6482
39054731.6,6484
39054783.1,6486
39054834.06,6488
39054885.11,6490
39054936.27,6492
39054987.56,6494
39055038.72,6496
39055089.86,6498
39055141.47,6500
39055192.64,6502
39055243.6,6504
39055294.78,6506
39055345.97,6508
39055397.29,6510
39055448.6,6512
39055499.92,6514
39055551.36,6516
39055601.84,6518
39055653.39,6520
39055703.95,6522
39055755.89,6524
39055806.44,6526
39055857.69,6528
39055908.92,6530
39055960.32,6532
39056012.01,6534
39056062.73,6536
39056114.74,6538
39056165.27,6540
39056216.29,6542
39056267.57,6544
39056318.91,6546
39056369.92,6548
39056421.08,6550
39056472.46,6552
39056523.96,6554
39056575.12,6556
39056625.73,6558
39056676.92,6560
39056728.04,6562
39056779.19,6564
39056830.52,6566
39056882.52,6568
39056933.73,6570
39056984.2,6572
39057035.71,6574
39057086.59,6576
39057138.46,6578
39057189,6580
39057240.74,6582
39057291.42,6584
39057342.67,6586
39057393.82,6588
39057444.95,6590
39057496.77,6592
39057547.64,6594
39057599.39,6596
39057649.57,6598
39057701.11,6600
39057751.94,6602
39057803.2,6604
39057855.09,6606
39057905.8,6608
39057957.48,6610
39058008.33,6612
39058059.42,6614
39058110.72,6616
39058161.69,6618
39058213.77,6620
39058264.55,6622
39058316.02,6624
39058366.71,6626
39058417.91,6628
39058469.12,6630
39058520.22,6632
39058571.48,6634
39058622.41,6636
39058674.12,6638
39058725.15,6640
39058776.13,6642
39058827.29,6644
39058878.52,6646
39058929.87,6648
39058981.16,6650
39059032.67,6652
39059084.07,6654
39059134.52,6656
39059186.28,6658
39059236.99,6660
39059288.83,6662
39059339.4,6664
39059390.69,6666
39059441.8,6668
39059493.12,6670
39059544.93,6672
39059595.46,6674
39059647.14,6676
39059697.82,6678
39059748.8,6680
39059800.13,6682
39059851.37,6684
39059902.57,6686
39059953.8,6688
39060004.98,6690
39060056.6,6692
39060107.74,6694
39060158.62,6696
39060209.92,6698
39060261.09,6700
39060312.28,6702
39060363.58,6704
39060415.18,6706
39060466.47,6708
39060516.92,6710
39060568.68,6712
39060619.19,6714
39060670.91,6716
39060721.68,6718
39060773.09,6720
39060824,6722
39060875.23,6724
39060927.26,6726
39060977.92,6728
39061029.68,6730
39061080.42,6732
39061131.46,6734
39061182.55,6736
39061233.74,6738
39061284.99,6740
39061336.2,6742
39061387.35,6744
39061439.1,6746
39061490.28,6748
39061540.95,6750
39061592.19,6752
39061643.16,6754
39061694.4,6756
39061745.54,6758
39061797.66,6760
39061848.79,6762
39061899.38,6764
39061951.09,6766
39062001.75,6768
39062053.44,6770
39062104.13,6772
39062155.39,6774
39062206.48,6776
39062257.74,6778
39062309.54,6780
39062360.09,6782
39062411.76,6784
39062462.76,6786
39062514.09,6788
39062564.92,6790
39062615.92,6792
39062667.15,6794
39062718.35,6796
39062769.55,6798
39062820.75,6800
39062872.01,6802
39062923.72,6804
39062974.96,6806
39063025.73,6808
39063077.04,6810
39063128.12,6812
39063179.66,6814
39063230.75,6816
39063282.19,6818
39063333.4,6820
39063384.18,6822
39063435.43,6824
39063486.52,6826
39063537.82,6828
39063588.95,6830
39063640.47,6832
39063691.99,6834
39063742.55,6836
39063794.18,6838
39063844.9,6840
39063896.26,6842
39063947.4,6844
39063998.49,6846
39064050.2,6848
39064100.92,6850
39064152.5,6852
39064203.42,6854
39064254.58,6856
39064305.75,6858
39064357.04,6860
39064408.72,6862
39064459.32,6864
39064511,6866
39064561.77,6868
39064612.88,6870
39064664.03,6872
39064715.33,6874
39064766.48,6876
39064817.74,6878
39064869.02,6880
39064920.84,6882
39064971.72,6884
39065022.54,6886
39065073.68,6888
39065124.9,6890
39065176.23,6892
39065227.34,6894
39065279.1,6896
39065330.6,6898
39065380.93,6900
39065432.6,6902
39065483.26,6904
39065535.03,6906
39065585.68,6908
39065636.63,6910
39065687.87,6912
39065739.15,6914
39065791,6916
39065841.61,6918
39065893.29,6920
39065944.18,6922
39065995.37,6924
39066046.68,6926
39066097.7,6928
39066148.89,6930
39066200.09,6932
39066251.29,6934
39066302.91,6936
39066354.01,6938
39066404.81,6940
39066456.13,6942
39066507.37,6944
39066558.5,6946
39066609.7,6948
39066661.2,6950
39066712.86,6952
39066763.19,6954
39066815.4,6956
39066865.68,6958
39066917.34,6960
39066968.08,6962
39067019.32,6964
39067070.54,6966
39067121.73,6968
39067173.41,6970
39067224.15,6972
39067275.89,6974
39067326.5,6976
39067377.68,6978
39067429.2,6980
39067480.05,6982
39067531.28,6984
39067582.44,6986
39067633.42,6988
39067685.07,6990
39067736.23,6992
39067787.15,6994
39067838.32,6996
39067889.45,6998
39067941,7000
39067992.1,7002
39068043.72,7004
39068095.42,7006
39068145.86,7008
39068197.21,7010
39068248.06,7012
39068299.85,7014
39068350.45,7016
39068402.14,7018
39068452.84,7020
39068504.05,7022
39068555.19,7024
39068606.41,7026
39068658.06,7028
39068708.68,7030
39068760.37,7032
39068811.38,7034
39068862.6,7036
39068913.61,7038
39068964.79,7040
39069016.67,7042
39069067.26,7044
39069119.05,7046
39069169.75,7048
39069220.89,7050
39069272.09,7052
39069323.01,7054
39069375.01,7056
39069425.61,7058
39069477.39,7060
39069528.24,7062
39069579.4,7064
39069630.18,7066
39069681.42,7068
39069732.58,7070
39069783.72,7072
39069835.47,7074
39069886.67,7076
39069937.73,7078
39069988.94,7080
39070040.03,7082
39070091.4,7084
39070142.46,7086
39070194.12,7088
39070245.77,7090
39070296.1,7092
39070347.83,7094
39070398.35,7096
39070450.09,7098
39070500.81,7100
39070552.04,7102
39070603.26,7104
39070654.28,7106
39070706.02,7108
39070756.72,7110
39070808.41,7112
39070859.6,7114
39070910.5,7116
39070961.84,7118
39071012.85,7120
39071064.04,7122
39071115.21,7124
39071166.43,7126
39071218.06,7128
39071269.25,7130
39071320.1,7132
39071371.3,7134
39071422.53,7136
39071473.68,7138
39071524.8,7140
39071576.5,7142
39071627.93,7144
39071678.26,7146
39071729.88,7148
39071780.8,7150
39071832.5,7152
39071883.15,7154
39071934.35,7156
39071985.59,7158
39072036.88,7160
39072088.5,7162
39072139.23,7164
39072190.78,7166
39072241.57,7168
39072292.77,7170
39072344.13,7172
39072395.47,7174
39072446.39,7176
39072497.7,7178
39072548.79,7180
39072600.41,7182
39072651.37,7184
39072702.26,7186
39072753.5,7188
39072804.52,7190
39072856.01,7192
39072907.29,7194
39072958.98,7196
39073010.38,7198
39073061.03,7200
39073112.61,7202
39073163.16,7204
39073214.68,7206
39073265.52,7208
39073316.77,7210
39073367.91,7212
39073419.1,7214
39073471,7216
39073521.68,7218
39073573.48,7220
39073623.81,7222
39073675.24,7224
39073726.12,7226
39073778.07,7228
39073828.52,7230
39073880.19,7232
39073931.12,7234
39073982.34,7236
39074033.54,7238
39074084.79,7240
39074136.61,7242
39074187.23,7244
39074238.94,7246
39074289.69,7248
39074340.71,7250
39074391.91,7252
39074443.14,7254
39074494.99,7256
39074545.55,7258
39074597.34,7260
39074647.85,7262
39074699.01,7264
39074750.37,7266
39074801.46,7268
39074853.34,7270
39074903.88,7272
39074955.72,7274
39075006.36,7276
39075057.55,7278
39075108.53,7280
39075159.86,7282
39075211.88,7284
39075262.34,7286
39075314.14,7288
39075364.77,7290
39075416.54,7292
39075467.08,7294
39075518.28,7296
39075569.46,7298
39075620.61,7300
39075672.28,7302
39075723.01,7304
39075774.64,7306
39075825.46,7308
39075876.86,7310
39075928.1,7312
39075979.08,7314
39076030.35,7316
39076081.54,7318
39076132.65,7320
39076184.27,7322
39076235.48,7324
39076286.52,7326
39076337.5,7328
39076388.62,7330
39076439.88,7332
39076491.1,7334
39076542.63,7336
39076594.51,7338
39076644.63,7340
39076696.22,7342
39076746.85,7344
39076798.48,7346
39076849.23,7348
39076900.44,7350
39076951.86,7352
39077003.19,7354
39077054.94,7356
39077105.7,7358
39077157.22,7360
39077207.91,7362
39077259.14,7364
39077310.52,7366
39077361.6,7368
39077412.75,7370
39077463.87,7372
39077515.16,7374
39077566.73,7376
39077618.06,7378
39077668.53,7380
39077719.64,7382
39077770.83,7384
39077822.04,7386
39077873.38,7388
39077925.11,7390
39077976.65,7392
39078027.32,7394
39078078.87,7396
39078129.42,7398
39078181.15,7400
39078231.9,7402
39078283.11,7404
39078334.37,7406
39078385.55,7408
39078437.31,7410
39078487.99,7412
39078539.75,7414
39078590.35,7416
39078641.27,7418
39078692.48,7420
39078743.71,7422
39078794.88,7424
39078846.21,7426
39078897.43,7428
39078949.02,7430
39079000.26,7432
39079051.16,7434
39079102.37,7436
39079153.43,7438
39079204.67,7440
39079255.94,7442
39079307.61,7444
39079359.14,7446
39079409.7,7448
39079461.04,7450
39079511.87,7452
39079563.6,7454
39079614.28,7456
39079665.82,7458
39079716.44,7460
39079767.68,7462
39079819.14,7464
39079870.16,7466
39079922,7468
39079972.74,7470
39080024.45,7472
39080075.16,7474
39080126.57,7476
39080177.52,7478
39080228.8,7480
39080280.49,7482
39080331.23,7484
39080382.84,7486
39080433.59,7488
39080484.66,7490
39080535.86,7492
39080586.94,7494
39080638.81,7496
39080689.54,7498
39080741.22,7500
39080792.03,7502
39080843.28,7504
39080894.26,7506
39080945.52,7508
39080996.68,7510
39081047.87,7512
39081099.53,7514
39081150.58,7516
39081201.59,7518
39081252.76,7520
39081303.86,7522
39081355.29,7524
39081406.39,7526
39081457.84,7528
39081509.66,7530
39081560,7532
39081611.52,7534
39081661.98,7536
39081713.8,7538
39081764.39,7540
39081815.68,7542
39081866.88,7544
39081918.08,7546
39081969.89,7548
39082020.63,7550
39082072.36,7552
39082123,7554
39082174.34,7556
39082225.55,7558
39082276.8,7560
39082327.82,7562
39082378.98,7564
39082430.23,7566
39082481.93,7568
39082533.04,7570
39082583.82,7572
39082634.88,7574
39082686.07,7576
39082737.31,7578
39082788.42,7580
39082840.29,7582
39082891.96,7584
39082942.39,7586
39082994.02,7588
39083044.63,7590
39083096.36,7592
39083147.06,7594
39083198.23,7596
39083249.45,7598
39083300.75,7600
39083352.49,7602
39083403.05,7604
39083454.94,7606
39083505.41,7608
39083557.13,7610
39083607.85,7612
39083658.88,7614
39083709.98,7616
39083761.19,7618
39083812.85,7620
39083863.69,7622
39083915.56,7624
39083966.34,7626
39084017.88,7628
39084068.67,7630
39084119.88,7632
39084171.48,7634
39084222.28,7636
39084274,7638
39084324.68,7640
39084376.01,7642
39084426.98,7644
39084478.2,7646
39084529.38,7648
39084580.61,7650
39084632.04,7652
39084683.15,7654
39084734.08,7656
39084785.25,7658
39084836.39,7660
39084887.78,7662
39084939.07,7664
39084990.58,7666
39085042.3,7668
39085092.68,7670
39085144.04,7672
39085194.94,7674
39085246.86,7676
39085297.43,7678
39085349.13,7680
39085399.94,7682
39085451,7684
39085502.13,7686
39085553.37,7688
39085605.2,7690
39085655.64,7692
39085707.42,7694
39085758.28,7696
39085809.27,7698
39085860.53,7700
39085912.15,7702
39085963.6,7704
39086014.26,7706
39086065.97,7708
39086116.52,7710
39086167.74,7712
39086218.91,7714
39086270.12,7716
39086321.84,7718
39086372.54,7720
39086424.58,7722
39086475.29,7724
39086526.18,7726
39086577.4,7728
39086628.4,7730
39086679.65,7732
39086730.73,7734
39086782.39,7736
39086833.46,7738
39086884.3,7740
39086935.53,7742
39086986.96,7744
39087038.23,7746
39087089.55,7748
39087141.02,7750
39087192.54,7752
39087242.97,7754
39087294.75,7756
39087345.37,7758
39087397.16,7760
39087447.73,7762
39087498.97,7764
39087550.16,7766
39087601.4,7768
39087653,7770
39087703.55,7772
39087755.34,7774
39087806.05,7776
39087857.43,7778
39087908.83,7780
39087959.77,7782
39088010.93,7784
39088062.11,7786
39088113.31,7788
39088164.9,7790
39088216.06,7792
39088266.98,7794
39088318.23,7796
39088369.56,7798
39088420.49,7800
39088471.73,7802
39088523.43,7804
39088575.04,7806
39088625.29,7808
39088676.94,7810
39088727.51,7812
39088779.28,7814
39088829.89,7816
39088881.05,7818
39088932.49,7820
39088983.86,7822
39089035.55,7824
39089086.12,7826
39089137.89,7828
39089188.58,7830
39089239.77,7832
39089291.11,7834
39089342.23,7836
39089393.28,7838
39089444.53,7840
39089495.73,7842
39089547.28,7844
39089598.44,7846
39089649.22,7848
39089700.38,7850
39089751.54,7852
39089802.76,7854
39089853.91,7856
39089905.87,7858
39089957.54,7860
39090007.94,7862
39090059.57,7864
39090110.12,7866
39090161.91,7868
39090212.52,7870
39090263.73,7872
39090314.93,7874
39090366.11,7876
39090418.05,7878
39090468.54,7880
39090520.35,7882
39090570.96,7884
39090621.9,7886
39090673.04,7888
39090724.43,7890
39090775.67,7892
39090826.88,7894
39090878.13,7896
39090929.57,7898
39090980.45,7900
39091032.09,7902
39091083.24,7904
39091134.18,7906
39091185.41,7908
39091236.6,7910
39091287.8,7912
39091339.08,7914
39091390.81,7916
39091441.95,7918
39091492.63,7920
39091543.77,7922
39091594.97,7924
39091645.98,7926
39091697.38,7928
39091748.99,7930
39091800.13,7932
39091850.76,7934
39091901.96,7936
39091953.31,7938
39092004.39,7940
39092055.78,7942
39092107.87,7944
39092158.21,7946
39092210.01,7948
39092260.52,7950
39092312.26,7952
39092362.89,7954
39092414.07,7956
39092465.2,7958
39092516.6,7960
39092568.26,7962
39092618.75,7964
39092670.44,7966
39092721.18,7968
39092772.3,7970
39092823.97,7972
39092874.85,7974
39092926.11,7976
39092977.36,7978
39093028.48,7980
39093080.18,7982
39093131.47,7984
39093182.04,7986
39093233.69,7988
39093284.51,7990
39093335.63,7992
39093386.8,7994
39093438.02,7996
39093489.92,7998
39093540.75,8000
39093592.29,8002
39093642.64,8004
39093693.82,8006
39093745.05,8008
39093796.42,8010
39093848.22,8012
39093898.92,8014
39093950.68,8016
39094001.31,8018
39094052.48,8020
39094103.69,8022
39094154.75,8024
39094207.01,8026
39094257.42,8028
39094308.98,8030
39094359.62,8032
39094411.43,8034
39094462.05,8036
39094513.23,8038
39094564.45,8040
39094615.41,8042
39094667.21,8044
39094717.9,8046
39094769.65,8048
39094820.45,8050
39094871.85,8052
39094923.01,8054
39094974.26,8056
39095025.25,8058
39095076.44,8060
39095127.64,8062
39095179.25,8064
39095230.46,8066
39095281.46,8068
39095332.57,8070
39095383.67,8072
39095434.93,8074
39095485.98,8076
39095537.77,8078
39095589.17,8080
39095639.53,8082
39095691.28,8084
39095741.76,8086
39095793.52,8088
39095844.15,8090
39095895.39,8092
39095946.89,8094
39095998.12,8096
39096049.84,8098
39096100.62,8100
39096152.28,8102
39096202.85,8104
39096254.14,8106
39096305.23,8108
39096356.66,8110
39096407.69,8112
39096458.84,8114
39096510.03,8116
39096561.24,8118
39096613.59,8120
39096663.95,8122
39096715.01,8124
39096765.8,8126
39096817.1,8128
39096868.26,8130
39096919.77,8132
39096970.83,8134
39097022.6,8136
39097073.87,8138
39097124.36,8140
39097175.71,8142
39097226.92,8144
39097278.09,8146
39097329.33,8148
39097380.97,8150
39097432.09,8152
39097482.76,8154
39097533.85,8156
39097585.19,8158
39097636.28,8160
39097687.6,8162
39097739.65,8164
39097790.22,8166
39097841.75,8168
39097892.44,8170
39097944.47,8172
39097994.78,8174
39098046,8176
39098097.22,8178
39098148.39,8180
39098200.18,8182
39098250.85,8184
39098302.54,8186
39098353.25,8188
39098404.48,8190
39098455.87,8192
39098506.89,8194
39098558.03,8196
39098609.18,8198
39098660.21,8200
39098711.86,8202
39098763.12,8204
39098813.89,8206
39098865.25,8208
39098916.43,8210
39098967.65,8212
39099018.84,8214
39099070.39,8216
39099122.02,8218
39099172.68,8220
39099224.26,8222
39099274.76,8224
39099326.44,8226
39099377.19,8228
39099428.44,8230
39099479.59,8232
39099530.85,8234
39099582.67,8236
39099632.99,8238
39099684.71,8240
39099735.33,8242
39099786.55,8244
39099837.9,8246
39099889.41,8248
39099940.34,8250
39099991.58,8252
39100042.89,8254
39100094.39,8256
39100145.6,8258
39100196.47,8260
39100247.67,8262
39100298.73,8264
39100349.91,8266
39100401.16,8268
39100452.88,8270
39100504.35,8272
39100554.82,8274
39100606.64,8276
39100656.88,8278
39100708.74,8280
39100759.4,8282
39100810.56,8284
39100861.84,8286
39100912.9,8288
39100965.08,8290
39101015.65,8292
39101067.38,8294
39101117.98,8296
39101169.09,8298
39101220.3,8300
39101271.88,8302
39101323.05,8304
39101373.91,8306
39101424.97,8308
39101476.74,8310
39101528.04,8312
39101578.8,8314
39101629.81,8316
39101680.95,8318
39101732.24,8320
39101783.48,8322
39101835.25,8324
39101887.05,8326
39101937.08,8328
39101988.98,8330
39102039.48,8332
39102091.17,8334
39102141.93,8336
39102193.63,8338
39102244.29,8340
39102295.55,8342
39102346.7,8344
39102397.93,8346
39102449.7,8348
39102500.3,8350
39102552,8352
39102602.87,8354
39102653.72,8356
39102705.13,8358
39102756.33,8360
39102808.17,8362
39102858.8,8364
39102910.62,8366
39102961.11,8368
39103012.81,8370
39103063.53,8372
39103114.71,8374
39103165.94,8376
39103217.18,8378
39103268.95,8380
39103319.53,8382
39103371.56,8384
39103422.11,8386
39103473.09,8388
39103524.31,8390
39103575.62,8392
39103627.11,8394
39103677.96,8396
39103729.66,8398
39103780.47,8400
39103831.5,8402
39103883,8404
39103933.68,8406
39103985.7,8408
39104036.4,8410
39104088.49,8412
39104138.93,8414
39104190.52,8416
39104241.13,8418
39104292.92,8420
39104343.51,8422
39104394.8,8424
39104445.91,8426
39104497.25,8428
39104548.95,8430
39104599.59,8432
39104651.08,8434
39104701.77,8436
39104752.92,8438
39104804.57,8440
39104855.69,8442
39104906.74,8444
39104957.93,8446
39105009.33,8448
39105060.71,8450
39105111.97,8452
39105162.7,8454
39105214.03,8456
39105265.22,8458
39105316.44,8460
39105367.54,8462
39105419.14,8464
39105470.58,8466
39105521.24,8468
39105572.95,8470
39105623.27,8472
39105675.01,8474
39105725.64,8476
39105776.88,8478
39105828.04,8480
39105879.27,8482
39105931.33,8484
39105981.96,8486
39106033.63,8488
39106084.3,8490
39106135.51,8492
39106186.76,8494
39106238.11,8496
39106289.09,8498
39106340.31,8500
39106391.53,8502
39106443.12,8504
39106494.26,8506
39106545.2,8508
39106596.39,8510
39106647.35,8512
39106698.56,8514
39106749.73,8516
39106801.64,8518
39106852.97,8520
39106903.55,8522
39106955.42,8524
39107005.84,8526
39107057.57,8528
39107108.29,8530
39107159.49,8532
39107210.75,8534
39107261.99,8536
39107313.74,8538
39107364.43,8540
39107416.03,8542
39107466.74,8544
39107517.99,8546
39107569.18,8548
39107620.04,8550
39107671.41,8552
39107722.44,8554
39107773.66,8556
39107824.82,8558
39107876.43,8560
39107927.72,8562
39107979.01,8564
39108029.98,8566
39108081.14,8568
39108132.25,8570
39108183.55,8572
39108234.66,8574
39108286.41,8576
39108337.64,8578
39108388.44,8580
39108439.51,8582
39108490.6,8584
39108541.96,8586
39108592.99,8588
39108644.53,8590
39108695.92,8592
39108746.74,8594
39108797.76,8596
39108849.06,8598
39108900.34,8600
39108951.41,8602
39109003.38,8604
39109054.25,8606
39109105.6,8608
39109156.21,8610
39109208.01,8612
39109258.66,8614
39109309.84,8616
39109361.05,8618
39109412.35,8620
39109464.13,8622
39109514.74,8624
39109566.39,8626
39109618.1,8628
39109668.16,8630
39109719.21,8632
39109770.56,8634
39109821.8,8636
39109873,8638
39109924.26,8640
39109975.8,8642
39110026.98,8644
39110077.76,8646
39110128.99,8648
39110180.22,8650
39110231.41,8652
39110282.65,8654
39110334.41,8656
39110385.72,8658
39110436.34,8660
39110488.17,8662
39110538.61,8664
39110590.41,8666
39110640.81,8668
39110692.02,8670
39110743.22,8672
39110794.41,8674
39110846.2,8676
39110896.87,8678
39110948.81,8680
39110999.54,8682
39111050.64,8684
39111101.9,8686
39111153.23,8688
39111204.34,8690
39111255.45,8692
39111306.73,8694
39111358.27,8696
39111409.48,8698
39111460.25,8700
39111511.5,8702
39111562.65,8704
39111613.93,8706
39111664.83,8708
39111716.6,8710
39111768.04,8712
39111818.7,8714
39111870.54,8716
39111920.96,8718
39111972.81,8720
39112023.4,8722
39112074.61,8724
39112125.77,8726
39112177.18,8728
39112228.81,8730
39112279.5,8732
39112331.19,8734
39112381.91,8736
39112433.01,8738
39112484.21,8740
39112535.45,8742
39112586.76,8744
39112637.91,8746
39112688.78,8748
39112739.98,8750
39112791.13,8752
39112842.34,8754
39112893.68,8756
39112944.99,8758
39112996.15,8760
39113047.97,8762
39113098.85,8764
39113149.85,8766
39113201.08,8768
39113252.31,8770
39113303.67,8772
39113354.6,8774
39113406.31,8776
39113457.37,8778
39113508.35,8780
39113559.5,8782
39113610.68,8784
39113661.64,8786
39113713.09,8788
39113764.71,8790
39113815.8,8792
39113866.46,8794
39113917.61,8796
39113969.33,8798
39114020.29,8800
39114071.48,8802
39114123.02,8804
39114174.18,8806
39114224.79,8808
39114276.07,8810
39114327.44,8812
39114378.69,8814
39114429.84,8816
39114481.37,8818
39114532.62,8820
39114583.24,8822
39114634.43,8824
39114685.94,8826
39114737.04,8828
39114788.13,8830
39114839.48,8832
39114890.56,8834
39114942.18,8836
39114993.4,8838
39115044.22,8840
39115095.59,8842
39115146.73,8844
39115197.91,8846
39115249.09,8848
39115300.75,8850
39115352.15,8852
39115402.85,8854
39115454.41,8856
39115505.01,8858
39115556.76,8860
39115607.28,8862
39115658.37,8864
39115709.54,8866
39115760.7,8868
39115812.45,8870
39115863.28,8872
39115915.01,8874
39115965.67,8876
39116016.91,8878
39116068.26,8880
39116119.69,8882
39116170.48,8884
39116221.73,8886
39116272.96,8888
39116324.56,8890
39116375.73,8892
39116426.65,8894
39116477.82,8896
39116529.04,8898
39116580.19,8900
39116631.16,8902
39116682.85,8904
39116734.16,8906
39116784.77,8908
39116836.72,8910
39116887.33,8912
39116939.14,8914
39116989.84,8916
39117040.95,8918
39117092.16,8920
39117143.42,8922
39117195.19,8924
39117245.82,8926
39117297.54,8928
39117348.21,8930
39117399.49,8932
39117450.51,8934
39117501.93,8936
39117553.02,8938
39117604.13,8940
39117655.13,8942
39117706.74,8944
39117757.85,8946
39117808.88,8948
39117860.16,8950
39117911.35,8952
39117962.64,8954
39118013.71,8956
39118065.41,8958
39118117.13,8960
39118167.4,8962
39118219.35,8964
39118269.98,8966
39118321.63,8968
39118372.1,8970
39118423.3,8972
39118474.47,8974
39118525.84,8976
39118577.57,8978
39118628.02,8980
39118679.69,8982
39118730.28,8984
39118781.52,8986
39118832.96,8988
39118884.17,8990
39118935.46,8992
39118986.48,8994
39119037.67,8996
39119088.9,8998
39119140.17,9000
39119191.73,9002
39119242.93,9004
39119293.77,9006
39119345.04,9008
39119396.12,9010
39119447.4,9012
39119498.55,9014
39119550.3,9016
39119601.65,9018
39119652.12,9020
39119703.14,9022
39119754.56,9024
39119805.81,9026
39119856.9,9028
39119908.62,9030
39119959.71,9032
39120010.42,9034
39120061.58,9036
39120112.82,9038
39120163.92,9040
39120215.23,9042
39120266.89,9044
39120317.85,9046
39120369.63,9048
39120420.07,9050
39120471.92,9052
39120522.43,9054
39120573.62,9056
39120624.7,9058
39120675.98,9060
39120727.72,9062
39120778.29,9064
39120830.11,9066
39120881.01,9068
39120932.1,9070
39120983.27,9072
39121034.66,9074
39121085.76,9076
39121136.87,9078
39121188.08,9080
39121239.72,9082
39121290.98,9084
39121341.86,9086
39121393.01,9088
39121444.11,9090
39121495.37,9092
39121546.48,9094
39121598.16,9096
39121649.33,9098
39121699.87,9100
39121751.83,9102
39121802.55,9104
39121854.28,9106
39121904.87,9108
39121956.11,9110
39122007.27,9112
39122058.53,9114
39122110.3,9116
39122160.96,9118
39122212.56,9120
39122263.33,9122
39122314.57,9124
39122365.68,9126
39122417.04,9128
39122468.2,9130
39122519.26,9132
39122570.44,9134
39122623.13,9136
39122672.59,9138
39122724.25,9140
39122775.49,9142
39122826.34,9144
39122877.76,9146
39122928.87,9148
39122980.2,9150
39123031.28,9152
39123082.88,9154
39123134.3,9156
39123184.99,9158
39123236.19,9160
39123287.22,9162
39123338.57,9164
39123389.62,9166
39123441.4,9168
39123492.52,9170
39123543.03,9172
39123594.18,9174
39123645.41,9176
39123696.59,9178
39123748.03,9180
39123800.05,9182
39123850.62,9184
39123902.36,9186
39123952.77,9188
39124004.47,9190
39124055.21,9192
39124106.47,9194
39124157.84,9196
39124208.86,9198
39124260.61,9200
39124311.26,9202
39124363.11,9204
39124413.66,9206
39124464.9,9208
39124516.1,9210
39124567.51,9212
39124618.34,9214
39124669.43,9216
39124720.59,9218
39124771.85,9220
39124823.07,9222
39124874.55,9224
39124926.09,9226
39124976.79,9228
39125027.99,9230
39125079.21,9232
39125130.34,9234
39125181.64,9236
39125233.43,9238
39125284.56,9240
39125335.17,9242
39125386.42,9244
39125437.57,9246
39125488.78,9248
39125540.04,9250
39125591.72,9252
39125642.68,9254
39125693.45,9256
39125744.69,9258
39125795.98,9260
39125847.08,9262
39125898.37,9264
39125950.52,9266
39126001.02,9268
39126052.54,9270
39126103.3,9272
39126154.94,9274
39126205.57,9276
39126256.84,9278
39126308.08,9280
39126359.41,9282
39126411.08,9284
39126461.73,9286
39126513.43,9288
39126564.03,9290
39126615.64,9292
39126666.43,9294
39126717.5,9296
39126768.55,9298
39126819.92,9300
39126871.14,9302
39126922.8,9304
39126973.99,9306
39127024.72,9308
39127075.94,9310
39127127.19,9312
39127178.51,9314
39127229.63,9316
39127281.31,9318
39127332.72,9320
39127383.45,9322
39127435.01,9324
39127485.63,9326
39127537.37,9328
39127587.94,9330
39127638.96,9332
39127690.14,9334
39127741.48,9336
39127793.24,9338
39127843.9,9340
39127895.63,9342
39127946.53,9344
39127997.57,9346
39128048.81,9348
39128100.15,9350
39128151.23,9352
39128202.42,9354
39128253.62,9356
39128305.2,9358
39128356.48,9360
39128407.24,9362
39128458.5,9364
39128509.62,9366
39128560.88,9368
39128612.01,9370
39128663.55,9372
39128714.88,9374
39128765.48,9376
39128817.47,9378
39128867.93,9380
39128919.68,9382
39128970.41,9384
39129021.5,9386
39129072.86,9388
39129124.15,9390
39129175.82,9392
39129226.55,9394
39129278.18,9396
39129328.88,9398
39129379.98,9400
39129431.16,9402
39129482.5,9404
39129533.71,9406
39129584.79,9408
39129635.76,9410
39129687.39,9412
39129738.62,9414
39129789.45,9416
39129840.63,9418
39129891.79,9420
39129943.23,9422
39129994.42,9424
39130046.04,9426
39130097.48,9428
39130147.99,9430
39130199.76,9432
39130250.43,9434
39130302.2,9436
39130352.79,9438
39130404.51,9440
39130455.21,9442
39130506.37,9444
39130557.58,9446
39130608.84,9448
39130660.4,9450
39130710.98,9452
39130762.73,9454
39130813.56,9456
39130864.84,9458
39130916.31,9460
39130967.23,9462
39131019,9464
39131069.7,9466
39131121.34,9468
39131172.03,9470
39131223.14,9472
39131274.34,9474
39131325.3,9476
39131377.2,9478
39131427.93,9480
39131479.53,9482
39131530.3,9484
39131581.56,9486
39131632.69,9488
39131683.65,9490
39131735.35,9492
39131786.18,9494
39131837.77,9496
39131888.97,9498
39131940.03,9500
39131991.24,9502
39132042.43,9504
39132093.66,9506
39132144.79,9508
39132196.47,9510
39132247.86,9512
39132298.48,9514
39132350.26,9516
39132400.74,9518
39132452.58,9520
39132503.14,9522
39132554.89,9524
39132605.47,9526
39132656.52,9528
39132707.75,9530
39132758.99,9532
39132810.78,9534
39132861.45,9536
39132913.32,9538
39132963.98,9540
39133015.45,9542
39133066.47,9544
39133117.62,9546
39133169.37,9548
39133220.03,9550
39133271.67,9552
39133322.41,9554
39133373.62,9556
39133424.99,9558
39133475.85,9560
39133527.71,9562
39133578.43,9564
39133630.03,9566
39133680.87,9568
39133732.12,9570
39133783.18,9572
39133834.34,9574
39133885.64,9576
39133936.74,9578
39133988.35,9580
39134039.44,9582
39134090.3,9584
39134141.49,9586
39134192.68,9588
39134243.96,9590
39134295.12,9592
39134346.7,9594
39134398.36,9596
39134448.84,9598
39134500.58,9600
39134551.13,9602
39134602.8,9604
39134653.3,9606
39134704.54,9608
39134755.79,9610
39134806.96,9612
39134858.76,9614
39134909.39,9616
39134961.27,9618
39135012.04,9620
39135063.09,9622
39135114.38,9624
39135165.79,9626
39135216.73,9628
39135267.94,9630
39135319.12,9632
39135370.74,9634
39135421.9,9636
39135472.77,9638
39135524.03,9640
39135575.12,9642
39135626.21,9644
39135677.3,9646
39135729.01,9648
39135780.34,9650
39135831.21,9652
39135882.7,9654
39135933.52,9656
39135985.22,9658
39136035.92,9660
39136087.6,9662
39136138.33,9664
39136189.5,9666
39136240.97,9668
39136291.87,9670
39136343.58,9672
39136394.23,9674
39136446.08,9676
39136496.74,9678
39136548.16,9680
39136599.17,9682
39136650.11,9684
39136702.05,9686
39136752.72,9688
39136804.45,9690
39136855.18,9692
39136906.29,9694
39136957.44,9696
39137008.4,9698
39137060.34,9700
39137111.01,9702
39137162.79,9704
39137213.54,9706
39137264.92,9708
39137315.99,9710
39137367.13,9712
39137418.41,9714
39137469.49,9716
39137521.16,9718
39137572.28,9720
39137622.8,9722
39137674.18,9724
39137725.27,9726
39137776.52,9728
39137827.7,9730
39137879.54,9732
39137931.25,9734
39137981.59,9736
39138033.18,9738
39138083.87,9740
39138135.63,9742
39138186.21,9744
39138237.64,9746
39138288.76,9748
39138339.97,9750
39138391.78,9752
39138442.36,9754
39138494.04,9756
39138544.69,9758
39138595.89,9760
39138646.91,9762
39138698.21,9764
39138749.26,9766
39138800.68,9768
39138851.92,9770
39138903.4,9772
39138954.56,9774
39139005.41,9776
39139056.59,9778
39139107.81,9780
39139159.07,9782
39139210.3,9784
39139261.98,9786
39139313.38,9788
39139364.07,9790
39139415.74,9792
39139466.3,9794
39139517.98,9796
39139568.65,9798
39139621.09,9800
39139670.84,9802
39139722.14,9804
39139773.89,9806
39139824.51,9808
39139876.43,9810
39139927.16,9812
39139978.28,9814
39140029.41,9816
39140080.81,9818
39140131.93,9820
39140182.99,9822
39140234.24,9824
39140285.86,9826
39140337.05,9828
39140387.85,9830
39140439.13,9832
39140490.34,9834
39140541.54,9836
39140592.69,9838
39140644.17,9840
39140695.46,9842
39140746.06,9844
39140798.17,9846
39140848.65,9848
39140900.44,9850
39140951.05,9852
39141002.27,9854
39141053.45,9856
39141104.72,9858
39141156.45,9860
39141207.16,9862
39141258.93,9864
39141309.61,9866
39141360.77,9868
39141411.84,9870
39141463.1,9872
39141514.44,9874
39141565.5,9876
39141616.6,9878
39141667.57,9880
39141718.84,9882
39141770.47,9884
39141821.54,9886
39141872.33,9888
39141923.83,9890
39141974.96,9892
39142026.3,9894
39142077.44,9896
39142129.1,9898
39142180.88,9900
39142231.23,9902
39142282.76,9904
39142333.41,9906
39142384.69,9908
39142435.81,9910
39142487.13,9912
39142538.85,9914
39142589.53,9916
39142641.57,9918
39142691.74,9920
39142742.85,9922
39142794.2,9924
39142845.49,9926
39142897.47,9928
39142947.96,9930
39142999.59,9932
39143050.38,9934
39143101.44,9936
39143152.58,9938
39143203.53,9940
39143255.9,9942
39143306.14,9944
39143357.84,9946
39143408.56,9948
39143459.85,9950
39143510.98,9952
39143562.14,9954
39143613.61,9956
39143664.5,9958
39143715.58,9960
39143767.21,9962
39143818.32,9964
39143869.13,9966
39143920.42,9968
39143971.67,9970
39144022.94,9972
39144074.09,9974
39144125.75,9976
39144177.22,9978
39144227.78,9980
39144279.8,9982
39144330.33,9984
39144381.91,9986
39144432.54,9988
39144483.78,9990
39144534.98,9992
39144586.29,9994
39144637.98,9996
39144688.67,9998
